expiry,option_type,strike,bid,ask,last,mid,volume,open_interest,spot,snapshot_utc
2026-06-11,call,670.0,86.83,89.18,83.2,88.005,6.0,6.0,757.72998046875,2026-06-04T18:31:23+00:00
2026-06-11,call,700.0,56.92,58.98,56.64,57.95,1.0,2.0,757.72998046875,2026-06-04T18:31:23+00:00
2026-06-11,call,709.0,47.91,50.72,49.0,49.315,1.0,,757.72998046875,2026-06-04T18:31:23+00:00
2026-06-11,call,710.0,46.94,49.01,46.69,47.974999999999994,1.0,2.0,757.72998046875,2026-06-04T18:31:23+00:00
2026-06-11,call,725.0,32.06,34.83,28.79,33.445,1.0,6.0,757.72998046875,2026-06-04T18:31:23+00:00
2026-06-11,call,738.0,19.47,21.05,18.93,20.259999999999998,980.0,43.0,757.72998046875,2026-06-04T18:31:23+00:00
2026-06-11,call,739.0,18.49,20.07,18.26,19.28,1126.0,48.0,757.72998046875,2026-06-04T18:31:23+00:00
2026-06-11,call,740.0,17.65,19.13,15.69,18.39,376.0,73.0,757.72998046875,2026-06-04T18:31:23+00:00
2026-06-11,call,741.0,17.91,18.26,15.7,18.085,1.0,36.0,757.72998046875,2026-06-04T18:31:23+00:00
2026-06-11,call,743.0,16.08,16.31,14.55,16.195,7.0,36.0,757.72998046875,2026-06-04T18:31:23+00:00
2026-06-11,call,744.0,15.15,15.41,11.7,15.280000000000001,95.0,22.0,757.72998046875,2026-06-04T18:31:23+00:00
2026-06-11,call,745.0,14.39,14.62,13.75,14.504999999999999,24.0,12.0,757.72998046875,2026-06-04T18:31:23+00:00
2026-06-11,call,746.0,13.41,13.65,11.76,13.530000000000001,4.0,39.0,757.72998046875,2026-06-04T18:31:23+00:00
2026-06-11,call,747.0,12.62,12.78,10.96,12.7,2272.0,3.0,757.72998046875,2026-06-04T18:31:23+00:00
2026-06-11,call,748.0,11.7,11.91,10.85,11.805,823.0,88.0,757.72998046875,2026-06-04T18:31:23+00:00
2026-06-11,call,749.0,10.93,11.17,10.87,11.05,279.0,88.0,757.72998046875,2026-06-04T18:31:23+00:00
2026-06-11,call,750.0,10.07,10.31,9.85,10.190000000000001,107.0,118.0,757.72998046875,2026-06-04T18:31:23+00:00
2026-06-11,call,751.0,9.26,9.5,8.76,9.379999999999999,65.0,45.0,757.72998046875,2026-06-04T18:31:23+00:00
2026-06-11,call,752.0,8.59,8.68,8.6,8.635,551.0,76.0,757.72998046875,2026-06-04T18:31:23+00:00
2026-06-11,call,753.0,7.78,7.93,7.61,7.855,776.0,275.0,757.72998046875,2026-06-04T18:31:23+00:00
2026-06-11,call,754.0,7.08,7.23,7.05,7.155,982.0,268.0,757.72998046875,2026-06-04T18:31:23+00:00
2026-06-11,call,755.0,6.39,6.45,6.32,6.42,803.0,274.0,757.72998046875,2026-06-04T18:31:23+00:00
2026-06-11,call,756.0,5.74,5.88,5.75,5.8100000000000005,1886.0,491.0,757.72998046875,2026-06-04T18:31:23+00:00
2026-06-11,call,757.0,5.17,5.19,5.19,5.18,2802.0,211.0,757.72998046875,2026-06-04T18:31:23+00:00
2026-06-11,call,758.0,4.55,4.56,4.56,4.555,943.0,978.0,757.72998046875,2026-06-04T18:31:23+00:00
2026-06-11,call,759.0,3.99,4.01,4.04,4.0,1920.0,624.0,757.72998046875,2026-06-04T18:31:23+00:00
2026-06-11,call,760.0,3.48,3.5,3.51,3.49,1807.0,849.0,757.72998046875,2026-06-04T18:31:23+00:00
2026-06-11,call,761.0,3.01,3.04,2.92,3.025,924.0,395.0,757.72998046875,2026-06-04T18:31:23+00:00
2026-06-11,call,762.0,2.58,2.59,2.49,2.585,683.0,665.0,757.72998046875,2026-06-04T18:31:23+00:00
2026-06-11,call,763.0,2.16,2.18,2.18,2.17,670.0,294.0,757.72998046875,2026-06-04T18:31:23+00:00
2026-06-11,call,764.0,1.82,1.84,1.77,1.83,538.0,377.0,757.72998046875,2026-06-04T18:31:23+00:00
2026-06-11,call,765.0,1.5,1.51,1.51,1.505,342.0,467.0,757.72998046875,2026-06-04T18:31:23+00:00
2026-06-11,call,766.0,1.24,1.25,1.24,1.245,387.0,297.0,757.72998046875,2026-06-04T18:31:23+00:00
2026-06-11,call,767.0,1.0,1.01,1.01,1.005,412.0,211.0,757.72998046875,2026-06-04T18:31:23+00:00
2026-06-11,call,768.0,0.8,0.82,0.74,0.81,77.0,216.0,757.72998046875,2026-06-04T18:31:23+00:00
2026-06-11,call,769.0,0.63,0.64,0.57,0.635,264.0,233.0,757.72998046875,2026-06-04T18:31:23+00:00
2026-06-11,call,770.0,0.5,0.51,0.5,0.505,352.0,386.0,757.72998046875,2026-06-04T18:31:23+00:00
2026-06-11,call,771.0,0.37,0.38,0.31,0.375,2481.0,1682.0,757.72998046875,2026-06-04T18:31:23+00:00
2026-06-11,call,772.0,0.29,0.3,0.27,0.295,1108.0,350.0,757.72998046875,2026-06-04T18:31:23+00:00
2026-06-11,call,773.0,0.21,0.22,0.19,0.215,730.0,1101.0,757.72998046875,2026-06-04T18:31:23+00:00
2026-06-11,call,774.0,0.16,0.17,0.16,0.165,87.0,303.0,757.72998046875,2026-06-04T18:31:23+00:00
2026-06-11,call,775.0,0.12,0.13,0.11,0.125,191.0,252.0,757.72998046875,2026-06-04T18:31:23+00:00
2026-06-11,call,776.0,0.09,0.1,0.07,0.095,59.0,186.0,757.72998046875,2026-06-04T18:31:23+00:00
2026-06-11,call,777.0,0.07,0.08,0.07,0.07500000000000001,72.0,76.0,757.72998046875,2026-06-04T18:31:23+00:00
2026-06-11,call,778.0,0.06,0.07,0.03,0.065,6.0,300.0,757.72998046875,2026-06-04T18:31:23+00:00
2026-06-11,call,779.0,0.05,0.06,0.04,0.055,10.0,124.0,757.72998046875,2026-06-04T18:31:23+00:00
2026-06-11,call,780.0,0.04,0.05,0.04,0.045,63.0,307.0,757.72998046875,2026-06-04T18:31:23+00:00
2026-06-11,call,781.0,0.03,0.04,0.04,0.035,31.0,2070.0,757.72998046875,2026-06-04T18:31:23+00:00
2026-06-11,call,784.0,0.02,0.03,0.03,0.025,149.0,56.0,757.72998046875,2026-06-04T18:31:23+00:00
2026-06-11,call,785.0,0.02,0.03,0.03,0.025,2.0,102.0,757.72998046875,2026-06-04T18:31:23+00:00
2026-06-11,call,786.0,0.02,0.03,0.02,0.025,26.0,31.0,757.72998046875,2026-06-04T18:31:23+00:00
2026-06-11,call,787.0,0.02,0.03,0.02,0.025,1230.0,1237.0,757.72998046875,2026-06-04T18:31:23+00:00
2026-06-11,call,798.0,0.01,0.02,0.02,0.015,18.0,142.0,757.72998046875,2026-06-04T18:31:23+00:00
2026-06-11,call,800.0,0.01,0.02,0.01,0.015,2.0,106.0,757.72998046875,2026-06-04T18:31:23+00:00
2026-06-11,call,805.0,0.01,0.02,0.01,0.015,1.0,364.0,757.72998046875,2026-06-04T18:31:23+00:00
2026-06-11,call,815.0,0.01,0.02,0.01,0.015,129.0,47.0,757.72998046875,2026-06-04T18:31:23+00:00
2026-06-11,call,820.0,0.01,0.02,0.01,0.015,28.0,272.0,757.72998046875,2026-06-04T18:31:23+00:00
2026-06-11,call,845.0,0.0,0.01,0.01,0.005,1500.0,1500.0,757.72998046875,2026-06-04T18:31:23+00:00
2026-06-11,call,850.0,0.0,0.01,0.01,0.005,105.0,105.0,757.72998046875,2026-06-04T18:31:23+00:00
2026-06-11,call,855.0,0.0,0.01,0.01,0.005,133.0,133.0,757.72998046875,2026-06-04T18:31:23+00:00
2026-06-11,call,860.0,0.0,0.01,0.01,0.005,47.0,47.0,757.72998046875,2026-06-04T18:31:23+00:00
2026-06-11,put,500.0,0.0,0.01,0.01,0.005,360.0,960.0,757.72998046875,2026-06-04T18:31:23+00:00
2026-06-11,put,545.0,0.0,0.01,0.02,0.005,1.0,1.0,757.72998046875,2026-06-04T18:31:23+00:00
2026-06-11,put,575.0,0.0,0.01,0.02,0.005,2.0,3.0,757.72998046875,2026-06-04T18:31:23+00:00
2026-06-11,put,600.0,0.01,0.02,0.02,0.015,30.0,45.0,757.72998046875,2026-06-04T18:31:23+00:00
2026-06-11,put,610.0,0.01,0.02,0.02,0.015,70.0,133.0,757.72998046875,2026-06-04T18:31:23+00:00
2026-06-11,put,615.0,0.01,0.02,0.02,0.015,12.0,97.0,757.72998046875,2026-06-04T18:31:23+00:00
2026-06-11,put,625.0,0.01,0.02,0.03,0.015,5.0,7.0,757.72998046875,2026-06-04T18:31:23+00:00
2026-06-11,put,670.0,0.03,0.04,0.14,0.035,1.0,1.0,757.72998046875,2026-06-04T18:31:23+00:00
2026-06-11,put,685.0,0.04,0.05,0.08,0.045,300.0,164.0,757.72998046875,2026-06-04T18:31:23+00:00
2026-06-11,put,695.0,0.06,0.07,0.09,0.065,1.0,140.0,757.72998046875,2026-06-04T18:31:23+00:00
2026-06-11,put,700.0,0.07,0.08,0.09,0.07500000000000001,12.0,53.0,757.72998046875,2026-06-04T18:31:23+00:00
2026-06-11,put,702.0,0.07,0.08,0.15,0.07500000000000001,1.0,4.0,757.72998046875,2026-06-04T18:31:23+00:00
2026-06-11,put,704.0,0.08,0.09,0.09,0.08499999999999999,5.0,12.0,757.72998046875,2026-06-04T18:31:23+00:00
2026-06-11,put,705.0,0.08,0.09,0.1,0.08499999999999999,11.0,7.0,757.72998046875,2026-06-04T18:31:23+00:00
2026-06-11,put,710.0,0.1,0.11,0.11,0.10500000000000001,12.0,15.0,757.72998046875,2026-06-04T18:31:23+00:00
2026-06-11,put,711.0,0.11,0.12,0.14,0.11499999999999999,4.0,22.0,757.72998046875,2026-06-04T18:31:23+00:00
2026-06-11,put,714.0,0.12,0.13,0.23,0.125,2.0,46.0,757.72998046875,2026-06-04T18:31:23+00:00
2026-06-11,put,715.0,0.13,0.14,0.15,0.135,64.0,202.0,757.72998046875,2026-06-04T18:31:23+00:00
2026-06-11,put,716.0,0.13,0.14,0.14,0.135,20.0,50.0,757.72998046875,2026-06-04T18:31:23+00:00
2026-06-11,put,717.0,0.13,0.14,0.27,0.135,76.0,78.0,757.72998046875,2026-06-04T18:31:23+00:00
2026-06-11,put,719.0,0.15,0.16,0.21,0.155,6.0,46.0,757.72998046875,2026-06-04T18:31:23+00:00
2026-06-11,put,720.0,0.16,0.17,0.18,0.165,62.0,129.0,757.72998046875,2026-06-04T18:31:23+00:00
2026-06-11,put,721.0,0.17,0.18,0.29,0.175,3.0,48.0,757.72998046875,2026-06-04T18:31:23+00:00
2026-06-11,put,723.0,0.19,0.2,0.26,0.195,244.0,53.0,757.72998046875,2026-06-04T18:31:23+00:00
2026-06-11,put,725.0,0.22,0.23,0.26,0.225,170.0,109.0,757.72998046875,2026-06-04T18:31:23+00:00
2026-06-11,put,726.0,0.23,0.24,0.32,0.235,836.0,785.0,757.72998046875,2026-06-04T18:31:23+00:00
2026-06-11,put,727.0,0.25,0.26,0.29,0.255,260.0,90.0,757.72998046875,2026-06-04T18:31:23+00:00
2026-06-11,put,728.0,0.27,0.28,0.3,0.275,278.0,143.0,757.72998046875,2026-06-04T18:31:23+00:00
2026-06-11,put,729.0,0.29,0.3,0.33,0.295,36.0,198.0,757.72998046875,2026-06-04T18:31:23+00:00
2026-06-11,put,730.0,0.3,0.31,0.33,0.305,520.0,384.0,757.72998046875,2026-06-04T18:31:23+00:00
2026-06-11,put,731.0,0.32,0.33,0.34,0.325,232.0,39.0,757.72998046875,2026-06-04T18:31:23+00:00
2026-06-11,put,732.0,0.34,0.35,0.41,0.345,74.0,525.0,757.72998046875,2026-06-04T18:31:23+00:00
2026-06-11,put,733.0,0.38,0.39,0.38,0.385,98.0,86.0,757.72998046875,2026-06-04T18:31:23+00:00
2026-06-11,put,735.0,0.44,0.45,0.49,0.445,675.0,231.0,757.72998046875,2026-06-04T18:31:23+00:00
2026-06-11,put,736.0,0.49,0.5,0.53,0.495,397.0,96.0,757.72998046875,2026-06-04T18:31:23+00:00
2026-06-11,put,737.0,0.54,0.55,0.58,0.545,129.0,367.0,757.72998046875,2026-06-04T18:31:23+00:00
2026-06-11,put,738.0,0.57,0.58,0.58,0.575,278.0,80.0,757.72998046875,2026-06-04T18:31:23+00:00
2026-06-11,put,739.0,0.63,0.64,0.63,0.635,119.0,214.0,757.72998046875,2026-06-04T18:31:23+00:00
2026-06-11,put,740.0,0.69,0.71,0.73,0.7,430.0,384.0,757.72998046875,2026-06-04T18:31:23+00:00
2026-06-11,put,741.0,0.76,0.78,0.81,0.77,145.0,83.0,757.72998046875,2026-06-04T18:31:23+00:00
2026-06-11,put,742.0,0.85,0.86,0.85,0.855,149.0,297.0,757.72998046875,2026-06-04T18:31:23+00:00
2026-06-11,put,743.0,0.93,0.94,0.93,0.935,269.0,190.0,757.72998046875,2026-06-04T18:31:23+00:00
2026-06-11,put,744.0,1.02,1.03,1.05,1.025,319.0,75.0,757.72998046875,2026-06-04T18:31:23+00:00
2026-06-11,put,745.0,1.14,1.15,1.14,1.145,343.0,643.0,757.72998046875,2026-06-04T18:31:23+00:00
2026-06-11,put,746.0,1.25,1.27,1.33,1.26,327.0,288.0,757.72998046875,2026-06-04T18:31:23+00:00
2026-06-11,put,747.0,1.39,1.4,1.39,1.395,563.0,358.0,757.72998046875,2026-06-04T18:31:23+00:00
2026-06-11,put,748.0,1.54,1.55,1.69,1.545,267.0,316.0,757.72998046875,2026-06-04T18:31:23+00:00
2026-06-11,put,749.0,1.7,1.72,1.78,1.71,350.0,297.0,757.72998046875,2026-06-04T18:31:23+00:00
2026-06-11,put,750.0,1.89,1.91,1.89,1.9,731.0,787.0,757.72998046875,2026-06-04T18:31:23+00:00
2026-06-11,put,751.0,2.11,2.12,2.17,2.115,471.0,214.0,757.72998046875,2026-06-04T18:31:23+00:00
2026-06-11,put,752.0,2.32,2.34,2.35,2.33,492.0,390.0,757.72998046875,2026-06-04T18:31:23+00:00
2026-06-11,put,753.0,2.59,2.61,2.7,2.5999999999999996,639.0,818.0,757.72998046875,2026-06-04T18:31:23+00:00
2026-06-11,put,754.0,2.87,2.89,2.99,2.88,800.0,420.0,757.72998046875,2026-06-04T18:31:23+00:00
2026-06-11,put,755.0,3.14,3.17,3.2,3.1550000000000002,1638.0,783.0,757.72998046875,2026-06-04T18:31:23+00:00
2026-06-11,put,756.0,3.53,3.55,3.5,3.54,1944.0,406.0,757.72998046875,2026-06-04T18:31:23+00:00
2026-06-11,put,757.0,3.91,3.93,3.93,3.92,1062.0,454.0,757.72998046875,2026-06-04T18:31:23+00:00
2026-06-11,put,758.0,4.35,4.36,4.34,4.355,298.0,569.0,757.72998046875,2026-06-04T18:31:23+00:00
2026-06-11,put,759.0,4.77,4.79,4.96,4.779999999999999,274.0,288.0,757.72998046875,2026-06-04T18:31:23+00:00
2026-06-11,put,760.0,5.21,5.3,5.54,5.255,51.0,485.0,757.72998046875,2026-06-04T18:31:23+00:00
2026-06-11,put,761.0,5.75,5.87,6.09,5.8100000000000005,3.0,294.0,757.72998046875,2026-06-04T18:31:23+00:00
2026-06-11,put,762.0,6.24,6.37,7.44,6.305,11.0,100.0,757.72998046875,2026-06-04T18:31:23+00:00
2026-06-11,put,765.0,8.26,8.43,10.33,8.344999999999999,50.0,10.0,757.72998046875,2026-06-04T18:31:23+00:00
2026-06-11,put,767.0,9.64,9.85,11.7,9.745000000000001,5.0,66.0,757.72998046875,2026-06-04T18:31:23+00:00
2026-07-02,call,500.0,256.76,260.0,257.25,258.38,2.0,1.0,757.72998046875,2026-06-04T18:31:23+00:00
2026-07-02,call,505.0,251.77,255.01,248.85,253.39,,1.0,757.72998046875,2026-06-04T18:31:23+00:00
2026-07-02,call,525.0,231.83,234.9,228.98,233.365,,1.0,757.72998046875,2026-06-04T18:31:23+00:00
2026-07-02,call,540.0,216.87,220.06,211.5,218.465,,1.0,757.72998046875,2026-06-04T18:31:23+00:00
2026-07-02,call,600.0,157.06,160.27,157.0,158.66500000000002,1.0,10.0,757.72998046875,2026-06-04T18:31:23+00:00
2026-07-02,call,605.0,152.04,155.29,146.79,153.665,,1.0,757.72998046875,2026-06-04T18:31:23+00:00
2026-07-02,call,610.0,147.1,150.31,147.07,148.70499999999998,1.0,3.0,757.72998046875,2026-06-04T18:31:23+00:00
2026-07-02,call,650.0,107.35,110.45,106.54,108.9,21.0,22.0,757.72998046875,2026-06-04T18:31:23+00:00
2026-07-02,call,655.0,102.37,105.76,100.05,104.065,1.0,3.0,757.72998046875,2026-06-04T18:31:23+00:00
2026-07-02,call,660.0,97.42,100.73,95.03,99.075,1.0,2.0,757.72998046875,2026-06-04T18:31:23+00:00
2026-07-02,call,665.0,92.43,95.86,90.29,94.14500000000001,1.0,6.0,757.72998046875,2026-06-04T18:31:23+00:00
2026-07-02,call,670.0,87.53,90.73,85.46,89.13,3.0,8.0,757.72998046875,2026-06-04T18:31:23+00:00
2026-07-02,call,675.0,82.61,86.0,82.09,84.305,1.0,3.0,757.72998046875,2026-06-04T18:31:23+00:00
2026-07-02,call,680.0,77.76,80.99,79.49,79.375,2.0,12.0,757.72998046875,2026-06-04T18:31:23+00:00
2026-07-02,call,690.0,67.91,71.21,68.21,69.56,8.0,13.0,757.72998046875,2026-06-04T18:31:23+00:00
2026-07-02,call,695.0,63.07,66.56,63.64,64.815,3.0,5.0,757.72998046875,2026-06-04T18:31:23+00:00
2026-07-02,call,700.0,58.35,60.82,57.57,59.585,5.0,12.0,757.72998046875,2026-06-04T18:31:23+00:00
2026-07-02,call,701.0,57.46,59.86,57.28,58.66,,2.0,757.72998046875,2026-06-04T18:31:23+00:00
2026-07-02,call,702.0,56.3,58.91,52.36,57.605,,4.0,757.72998046875,2026-06-04T18:31:23+00:00
2026-07-02,call,703.0,55.57,57.95,48.14,56.760000000000005,1.0,1.0,757.72998046875,2026-06-04T18:31:23+00:00
2026-07-02,call,704.0,54.26,57.0,55.1,55.629999999999995,4.0,2.0,757.72998046875,2026-06-04T18:31:23+00:00
2026-07-02,call,705.0,53.61,56.05,54.36,54.83,18.0,31.0,757.72998046875,2026-06-04T18:31:23+00:00
2026-07-02,call,706.0,52.72,55.1,48.38,53.91,,5.0,757.72998046875,2026-06-04T18:31:23+00:00
2026-07-02,call,708.0,50.68,53.21,48.91,51.945,,1.0,757.72998046875,2026-06-04T18:31:23+00:00
2026-07-02,call,710.0,48.69,51.34,46.79,50.015,5.0,23.0,757.72998046875,2026-06-04T18:31:23+00:00
2026-07-02,call,711.0,48.02,50.74,45.73,49.38,4.0,5.0,757.72998046875,2026-06-04T18:31:23+00:00
2026-07-02,call,715.0,43.9,46.66,44.86,45.28,4.0,7.0,757.72998046875,2026-06-04T18:31:23+00:00
2026-07-02,call,716.0,43.1,45.74,47.0,44.42,1.0,9.0,757.72998046875,2026-06-04T18:31:23+00:00
2026-07-02,call,717.0,42.57,44.82,42.73,43.695,,10.0,757.72998046875,2026-06-04T18:31:23+00:00
2026-07-02,call,718.0,41.63,43.9,37.5,42.765,,2.0,757.72998046875,2026-06-04T18:31:23+00:00
2026-07-02,call,720.0,39.41,41.34,38.86,40.375,1.0,8.0,757.72998046875,2026-06-04T18:31:23+00:00
2026-07-02,call,721.0,38.48,40.42,36.79,39.45,1.0,3.0,757.72998046875,2026-06-04T18:31:23+00:00
2026-07-02,call,722.0,37.62,39.54,41.06,38.58,236.0,135.0,757.72998046875,2026-06-04T18:31:23+00:00
2026-07-02,call,723.0,37.0,38.58,35.11,37.79,1.0,5.0,757.72998046875,2026-06-04T18:31:23+00:00
2026-07-02,call,724.0,35.97,37.75,39.29,36.86,44.0,24.0,757.72998046875,2026-06-04T18:31:23+00:00
2026-07-02,call,725.0,35.23,36.78,35.48,36.004999999999995,19.0,238.0,757.72998046875,2026-06-04T18:31:23+00:00
2026-07-02,call,726.0,35.57,35.92,37.53,35.745000000000005,525.0,265.0,757.72998046875,2026-06-04T18:31:23+00:00
2026-07-02,call,727.0,33.12,35.02,36.73,34.07,10.0,14.0,757.72998046875,2026-06-04T18:31:23+00:00
2026-07-02,call,728.0,32.23,34.15,28.96,33.19,,2.0,757.72998046875,2026-06-04T18:31:23+00:00
2026-07-02,call,729.0,31.4,34.54,34.86,32.97,324.0,163.0,757.72998046875,2026-06-04T18:31:23+00:00
2026-07-02,call,730.0,30.49,32.37,31.06,31.43,10.0,57.0,757.72998046875,2026-06-04T18:31:23+00:00
2026-07-02,call,731.0,29.72,32.8,28.16,31.259999999999998,1.0,3.0,757.72998046875,2026-06-04T18:31:23+00:00
2026-07-02,call,732.0,30.3,30.62,29.7,30.46,20.0,364.0,757.72998046875,2026-06-04T18:31:23+00:00
2026-07-02,call,733.0,29.54,29.83,28.15,29.685,2.0,8.0,757.72998046875,2026-06-04T18:31:23+00:00
2026-07-02,call,734.0,28.65,28.95,30.48,28.799999999999997,4.0,44.0,757.72998046875,2026-06-04T18:31:23+00:00
2026-07-02,call,735.0,26.59,28.08,25.8,27.335,5.0,103.0,757.72998046875,2026-06-04T18:31:23+00:00
2026-07-02,call,736.0,27.04,27.28,26.54,27.16,11.0,13.0,757.72998046875,2026-06-04T18:31:23+00:00
2026-07-02,call,737.0,24.55,26.44,27.01,25.495,1.0,3.0,757.72998046875,2026-06-04T18:31:23+00:00
2026-07-02,call,738.0,24.13,26.79,28.01,25.46,1.0,111.0,757.72998046875,2026-06-04T18:31:23+00:00
2026-07-02,call,739.0,22.92,24.77,22.5,23.845,2.0,3.0,757.72998046875,2026-06-04T18:31:23+00:00
2026-07-02,call,740.0,22.16,23.98,21.74,23.07,9.0,129.0,757.72998046875,2026-06-04T18:31:23+00:00
2026-07-02,call,741.0,21.77,23.18,22.54,22.475,11.0,12.0,757.72998046875,2026-06-04T18:31:23+00:00
2026-07-02,call,742.0,22.16,22.4,20.66,22.28,4.0,38.0,757.72998046875,2026-06-04T18:31:23+00:00
2026-07-02,call,743.0,20.35,22.49,19.91,21.42,2.0,141.0,757.72998046875,2026-06-04T18:31:23+00:00
2026-07-02,call,744.0,19.07,20.84,20.38,19.955,1.0,102.0,757.72998046875,2026-06-04T18:31:23+00:00
2026-07-02,call,745.0,18.4,20.03,19.6,19.215,22.0,154.0,757.72998046875,2026-06-04T18:31:23+00:00
2026-07-02,call,746.0,17.99,20.29,21.47,19.14,4.0,19.0,757.72998046875,2026-06-04T18:31:23+00:00
2026-07-02,call,747.0,17.22,18.55,17.63,17.884999999999998,11.0,58.0,757.72998046875,2026-06-04T18:31:23+00:00
2026-07-02,call,748.0,16.23,18.94,16.22,17.585,10.0,215.0,757.72998046875,2026-06-04T18:31:23+00:00
2026-07-02,call,749.0,16.86,17.11,16.45,16.985,10.0,486.0,757.72998046875,2026-06-04T18:31:23+00:00
2026-07-02,call,750.0,16.21,16.35,15.97,16.28,115.0,654.0,757.72998046875,2026-06-04T18:31:23+00:00
2026-07-02,call,751.0,14.15,15.67,15.0,14.91,189.0,246.0,757.72998046875,2026-06-04T18:31:23+00:00
2026-07-02,call,752.0,14.8,14.97,14.42,14.885000000000002,492.0,140.0,757.72998046875,2026-06-04T18:31:23+00:00
2026-07-02,call,753.0,14.14,14.31,14.02,14.225000000000001,961.0,324.0,757.72998046875,2026-06-04T18:31:23+00:00
2026-07-02,call,754.0,13.48,13.64,12.81,13.56,342.0,639.0,757.72998046875,2026-06-04T18:31:23+00:00
2026-07-02,call,755.0,12.87,13.03,12.94,12.95,827.0,1230.0,757.72998046875,2026-06-04T18:31:23+00:00
2026-07-02,call,756.0,12.32,12.35,12.06,12.335,349.0,1006.0,757.72998046875,2026-06-04T18:31:23+00:00
2026-07-02,call,757.0,11.63,11.66,11.53,11.645,677.0,1106.0,757.72998046875,2026-06-04T18:31:23+00:00
2026-07-02,call,758.0,11.03,11.06,10.99,11.045,457.0,981.0,757.72998046875,2026-06-04T18:31:23+00:00
2026-07-02,call,759.0,10.47,10.5,10.41,10.485,128.0,748.0,757.72998046875,2026-06-04T18:31:23+00:00
2026-07-02,call,760.0,9.9,9.93,9.92,9.915,317.0,1172.0,757.72998046875,2026-06-04T18:31:23+00:00
2026-07-02,call,761.0,9.35,9.38,8.71,9.365,89.0,204.0,757.72998046875,2026-06-04T18:31:23+00:00
2026-07-02,call,762.0,8.79,8.82,7.34,8.805,657.0,388.0,757.72998046875,2026-06-04T18:31:23+00:00
2026-07-02,call,763.0,8.28,8.29,7.73,8.285,64.0,329.0,757.72998046875,2026-06-04T18:31:23+00:00
2026-07-02,call,764.0,7.8,7.83,7.42,7.8149999999999995,21.0,249.0,757.72998046875,2026-06-04T18:31:23+00:00
2026-07-02,call,765.0,7.32,7.35,7.3,7.335,32.0,727.0,757.72998046875,2026-06-04T18:31:23+00:00
2026-07-02,call,766.0,6.86,6.89,6.49,6.875,90.0,1491.0,757.72998046875,2026-06-04T18:31:23+00:00
2026-07-02,call,767.0,6.41,6.44,5.64,6.425000000000001,19.0,298.0,757.72998046875,2026-06-04T18:31:23+00:00
2026-07-02,call,768.0,5.97,6.0,5.87,5.984999999999999,55.0,205.0,757.72998046875,2026-06-04T18:31:23+00:00
2026-07-02,call,769.0,5.56,5.57,5.25,5.5649999999999995,215.0,169.0,757.72998046875,2026-06-04T18:31:23+00:00
2026-07-02,call,770.0,5.19,5.22,5.12,5.205,240.0,422.0,757.72998046875,2026-06-04T18:31:23+00:00
2026-07-02,call,771.0,4.81,4.83,4.58,4.82,16.0,166.0,757.72998046875,2026-06-04T18:31:23+00:00
2026-07-02,call,772.0,4.46,4.49,3.82,4.475,90.0,278.0,757.72998046875,2026-06-04T18:31:23+00:00
2026-07-02,call,773.0,4.13,4.15,4.06,4.140000000000001,486.0,103.0,757.72998046875,2026-06-04T18:31:23+00:00
2026-07-02,call,774.0,3.81,3.84,3.72,3.825,12.0,192.0,757.72998046875,2026-06-04T18:31:23+00:00
2026-07-02,call,775.0,3.52,3.54,3.45,3.5300000000000002,121.0,1800.0,757.72998046875,2026-06-04T18:31:23+00:00
2026-07-02,call,776.0,3.27,3.29,2.92,3.2800000000000002,6.0,176.0,757.72998046875,2026-06-04T18:31:23+00:00
2026-07-02,call,777.0,2.97,3.0,2.71,2.9850000000000003,17.0,553.0,757.72998046875,2026-06-04T18:31:23+00:00
2026-07-02,call,778.0,2.72,2.74,2.61,2.7300000000000004,51.0,350.0,757.72998046875,2026-06-04T18:31:23+00:00
2026-07-02,call,779.0,2.5,2.52,2.33,2.51,5.0,171.0,757.72998046875,2026-06-04T18:31:23+00:00
2026-07-02,call,780.0,2.28,2.3,2.15,2.29,187.0,930.0,757.72998046875,2026-06-04T18:31:23+00:00
2026-07-02,call,781.0,2.07,2.1,1.9,2.085,4.0,145.0,757.72998046875,2026-06-04T18:31:23+00:00
2026-07-02,call,782.0,1.9,1.92,1.75,1.91,4.0,83.0,757.72998046875,2026-06-04T18:31:23+00:00
2026-07-02,call,783.0,1.7,1.72,1.65,1.71,343.0,610.0,757.72998046875,2026-06-04T18:31:23+00:00
2026-07-02,call,784.0,1.56,1.59,1.46,1.5750000000000002,17.0,350.0,757.72998046875,2026-06-04T18:31:23+00:00
2026-07-02,call,785.0,1.42,1.44,1.35,1.43,433.0,490.0,757.72998046875,2026-06-04T18:31:23+00:00
2026-07-02,call,786.0,1.27,1.29,1.18,1.28,4.0,136.0,757.72998046875,2026-06-04T18:31:23+00:00
2026-07-02,call,787.0,1.15,1.16,1.07,1.1549999999999998,12.0,199.0,757.72998046875,2026-06-04T18:31:23+00:00
2026-07-02,call,788.0,1.04,1.06,0.97,1.05,5.0,717.0,757.72998046875,2026-06-04T18:31:23+00:00
2026-07-02,call,789.0,0.93,0.94,0.85,0.935,3.0,103.0,757.72998046875,2026-06-04T18:31:23+00:00
2026-07-02,call,790.0,0.83,0.85,0.81,0.84,24.0,530.0,757.72998046875,2026-06-04T18:31:23+00:00
2026-07-02,call,791.0,0.75,0.76,0.69,0.755,11.0,141.0,757.72998046875,2026-06-04T18:31:23+00:00
2026-07-02,call,792.0,0.67,0.68,0.63,0.675,12.0,251.0,757.72998046875,2026-06-04T18:31:23+00:00
2026-07-02,call,793.0,0.6,0.61,0.5,0.605,13.0,82.0,757.72998046875,2026-06-04T18:31:23+00:00
2026-07-02,call,794.0,0.54,0.56,0.5,0.55,2.0,183.0,757.72998046875,2026-06-04T18:31:23+00:00
2026-07-02,call,795.0,0.48,0.5,0.47,0.49,91.0,560.0,757.72998046875,2026-06-04T18:31:23+00:00
2026-07-02,call,796.0,0.43,0.44,0.41,0.435,6.0,206.0,757.72998046875,2026-06-04T18:31:23+00:00
2026-07-02,call,797.0,0.39,0.4,0.3,0.395,2.0,16.0,757.72998046875,2026-06-04T18:31:23+00:00
2026-07-02,call,798.0,0.34,0.36,0.3,0.35,6.0,33.0,757.72998046875,2026-06-04T18:31:23+00:00
2026-07-02,call,799.0,0.3,0.32,0.19,0.31,1.0,16.0,757.72998046875,2026-06-04T18:31:23+00:00
2026-07-02,call,800.0,0.28,0.29,0.28,0.28500000000000003,96.0,484.0,757.72998046875,2026-06-04T18:31:23+00:00
2026-07-02,call,805.0,0.16,0.17,0.16,0.165,19.0,583.0,757.72998046875,2026-06-04T18:31:23+00:00
2026-07-02,call,810.0,0.11,0.12,0.12,0.11499999999999999,19.0,1393.0,757.72998046875,2026-06-04T18:31:23+00:00
2026-07-02,call,815.0,0.08,0.09,0.09,0.08499999999999999,2.0,37.0,757.72998046875,2026-06-04T18:31:23+00:00
2026-07-02,call,820.0,0.06,0.07,0.06,0.065,24.0,220.0,757.72998046875,2026-06-04T18:31:23+00:00
2026-07-02,call,825.0,0.04,0.05,0.04,0.045,1.0,44.0,757.72998046875,2026-06-04T18:31:23+00:00
2026-07-02,call,830.0,0.04,0.05,0.04,0.045,14.0,120.0,757.72998046875,2026-06-04T18:31:23+00:00
2026-07-02,call,835.0,0.03,0.04,0.04,0.035,2.0,35.0,757.72998046875,2026-06-04T18:31:23+00:00
2026-07-02,call,840.0,0.03,0.04,0.03,0.035,2.0,164.0,757.72998046875,2026-06-04T18:31:23+00:00
2026-07-02,call,845.0,0.02,0.03,0.03,0.025,1.0,12.0,757.72998046875,2026-06-04T18:31:23+00:00
2026-07-02,call,850.0,0.02,0.03,0.02,0.025,23.0,131.0,757.72998046875,2026-06-04T18:31:23+00:00
2026-07-02,call,855.0,0.02,0.03,0.02,0.025,4.0,20.0,757.72998046875,2026-06-04T18:31:23+00:00
2026-07-02,call,860.0,0.01,0.02,0.02,0.015,27.0,1.0,757.72998046875,2026-06-04T18:31:23+00:00
2026-07-02,call,865.0,0.01,0.02,0.02,0.015,24.0,44.0,757.72998046875,2026-06-04T18:31:23+00:00
2026-07-02,call,870.0,0.01,0.02,0.02,0.015,52.0,74.0,757.72998046875,2026-06-04T18:31:23+00:00
2026-07-02,call,875.0,0.01,0.02,0.02,0.015,84.0,342.0,757.72998046875,2026-06-04T18:31:23+00:00
2026-07-02,call,880.0,0.01,0.02,0.02,0.015,1.0,252.0,757.72998046875,2026-06-04T18:31:23+00:00
2026-07-02,call,885.0,0.01,0.02,0.03,0.015,120.0,241.0,757.72998046875,2026-06-04T18:31:23+00:00
2026-07-02,call,890.0,0.01,0.02,0.03,0.015,,362.0,757.72998046875,2026-06-04T18:31:23+00:00
2026-07-02,call,895.0,0.01,0.02,0.03,0.015,22.0,23.0,757.72998046875,2026-06-04T18:31:23+00:00
2026-07-02,call,900.0,0.01,0.02,0.01,0.015,285.0,277.0,757.72998046875,2026-06-04T18:31:23+00:00
2026-07-02,put,500.0,0.05,0.06,0.08,0.055,2.0,251.0,757.72998046875,2026-06-04T18:31:23+00:00
2026-07-02,put,505.0,0.06,0.07,0.09,0.065,63.0,64.0,757.72998046875,2026-06-04T18:31:23+00:00
2026-07-02,put,510.0,0.06,0.07,0.06,0.065,1.0,2.0,757.72998046875,2026-06-04T18:31:23+00:00
2026-07-02,put,515.0,0.07,0.08,0.18,0.07500000000000001,,1.0,757.72998046875,2026-06-04T18:31:23+00:00
2026-07-02,put,520.0,0.07,0.08,0.1,0.07500000000000001,500.0,526.0,757.72998046875,2026-06-04T18:31:23+00:00
2026-07-02,put,525.0,0.08,0.09,0.11,0.08499999999999999,101.0,133.0,757.72998046875,2026-06-04T18:31:23+00:00
2026-07-02,put,530.0,0.08,0.09,0.12,0.08499999999999999,2.0,55.0,757.72998046875,2026-06-04T18:31:23+00:00
2026-07-02,put,535.0,0.09,0.1,0.11,0.095,3.0,56.0,757.72998046875,2026-06-04T18:31:23+00:00
2026-07-02,put,540.0,0.1,0.11,0.15,0.10500000000000001,1.0,18.0,757.72998046875,2026-06-04T18:31:23+00:00
2026-07-02,put,545.0,0.1,0.11,0.13,0.10500000000000001,10.0,62.0,757.72998046875,2026-06-04T18:31:23+00:00
2026-07-02,put,550.0,0.11,0.12,0.12,0.11499999999999999,1.0,81.0,757.72998046875,2026-06-04T18:31:23+00:00
2026-07-02,put,555.0,0.11,0.12,0.14,0.11499999999999999,2.0,48.0,757.72998046875,2026-06-04T18:31:23+00:00
2026-07-02,put,560.0,0.12,0.13,0.16,0.125,1.0,13.0,757.72998046875,2026-06-04T18:31:23+00:00
2026-07-02,put,565.0,0.13,0.14,0.2,0.135,4.0,102.0,757.72998046875,2026-06-04T18:31:23+00:00
2026-07-02,put,570.0,0.14,0.15,0.19,0.14500000000000002,2.0,39.0,757.72998046875,2026-06-04T18:31:23+00:00
2026-07-02,put,575.0,0.15,0.16,0.16,0.155,118.0,166.0,757.72998046875,2026-06-04T18:31:23+00:00
2026-07-02,put,580.0,0.16,0.17,0.21,0.165,1.0,88.0,757.72998046875,2026-06-04T18:31:23+00:00
2026-07-02,put,585.0,0.17,0.18,0.21,0.175,7.0,51.0,757.72998046875,2026-06-04T18:31:23+00:00
2026-07-02,put,590.0,0.18,0.19,0.22,0.185,2.0,123.0,757.72998046875,2026-06-04T18:31:23+00:00
2026-07-02,put,595.0,0.2,0.21,0.21,0.20500000000000002,100.0,52.0,757.72998046875,2026-06-04T18:31:23+00:00
2026-07-02,put,600.0,0.21,0.22,0.23,0.215,6.0,164.0,757.72998046875,2026-06-04T18:31:23+00:00
2026-07-02,put,605.0,0.23,0.24,0.23,0.235,2.0,45.0,757.72998046875,2026-06-04T18:31:23+00:00
2026-07-02,put,610.0,0.24,0.25,0.29,0.245,1.0,63.0,757.72998046875,2026-06-04T18:31:23+00:00
2026-07-02,put,615.0,0.26,0.27,0.37,0.265,3.0,28.0,757.72998046875,2026-06-04T18:31:23+00:00
2026-07-02,put,620.0,0.28,0.29,0.31,0.28500000000000003,3.0,41.0,757.72998046875,2026-06-04T18:31:23+00:00
2026-07-02,put,625.0,0.3,0.31,0.32,0.305,100.0,84.0,757.72998046875,2026-06-04T18:31:23+00:00
2026-07-02,put,630.0,0.32,0.33,0.41,0.325,1.0,66.0,757.72998046875,2026-06-04T18:31:23+00:00
2026-07-02,put,635.0,0.35,0.36,0.42,0.355,1.0,57.0,757.72998046875,2026-06-04T18:31:23+00:00
2026-07-02,put,640.0,0.38,0.39,0.42,0.385,2.0,78.0,757.72998046875,2026-06-04T18:31:23+00:00
2026-07-02,put,645.0,0.41,0.42,0.43,0.415,6.0,229.0,757.72998046875,2026-06-04T18:31:23+00:00
2026-07-02,put,650.0,0.45,0.46,0.54,0.455,16.0,263.0,757.72998046875,2026-06-04T18:31:23+00:00
2026-07-02,put,655.0,0.48,0.5,0.5,0.49,14.0,223.0,757.72998046875,2026-06-04T18:31:23+00:00
2026-07-02,put,660.0,0.53,0.54,0.54,0.535,22.0,1586.0,757.72998046875,2026-06-04T18:31:23+00:00
2026-07-02,put,665.0,0.58,0.6,0.85,0.59,19.0,1037.0,757.72998046875,2026-06-04T18:31:23+00:00
2026-07-02,put,670.0,0.65,0.66,0.66,0.655,85.0,1094.0,757.72998046875,2026-06-04T18:31:23+00:00
2026-07-02,put,675.0,0.71,0.73,0.73,0.72,49.0,586.0,757.72998046875,2026-06-04T18:31:23+00:00
2026-07-02,put,680.0,0.8,0.81,0.82,0.805,31.0,1991.0,757.72998046875,2026-06-04T18:31:23+00:00
2026-07-02,put,685.0,0.9,0.92,0.9,0.91,75.0,1157.0,757.72998046875,2026-06-04T18:31:23+00:00
2026-07-02,put,690.0,1.02,1.04,1.04,1.03,81.0,776.0,757.72998046875,2026-06-04T18:31:23+00:00
2026-07-02,put,695.0,1.17,1.18,1.18,1.1749999999999998,15.0,1462.0,757.72998046875,2026-06-04T18:31:23+00:00
2026-07-02,put,700.0,1.34,1.36,1.38,1.35,552.0,1487.0,757.72998046875,2026-06-04T18:31:23+00:00
2026-07-02,put,701.0,1.38,1.4,1.42,1.39,20.0,162.0,757.72998046875,2026-06-04T18:31:23+00:00
2026-07-02,put,702.0,1.43,1.45,1.46,1.44,23.0,398.0,757.72998046875,2026-06-04T18:31:23+00:00
2026-07-02,put,703.0,1.48,1.49,1.69,1.4849999999999999,61.0,704.0,757.72998046875,2026-06-04T18:31:23+00:00
2026-07-02,put,704.0,1.51,1.53,2.0,1.52,14.0,226.0,757.72998046875,2026-06-04T18:31:23+00:00
2026-07-02,put,705.0,1.57,1.58,1.59,1.5750000000000002,380.0,939.0,757.72998046875,2026-06-04T18:31:23+00:00
2026-07-02,put,706.0,1.61,1.62,1.83,1.6150000000000002,11.0,247.0,757.72998046875,2026-06-04T18:31:23+00:00
2026-07-02,put,707.0,1.67,1.69,1.68,1.68,8.0,790.0,757.72998046875,2026-06-04T18:31:23+00:00
2026-07-02,put,708.0,1.71,1.73,1.91,1.72,61.0,158.0,757.72998046875,2026-06-04T18:31:23+00:00
2026-07-02,put,709.0,1.78,1.8,2.15,1.79,2.0,268.0,757.72998046875,2026-06-04T18:31:23+00:00
2026-07-02,put,710.0,1.83,1.85,1.89,1.84,168.0,1239.0,757.72998046875,2026-06-04T18:31:23+00:00
2026-07-02,put,711.0,1.89,1.91,1.95,1.9,3.0,273.0,757.72998046875,2026-06-04T18:31:23+00:00
2026-07-02,put,712.0,1.95,1.98,1.98,1.9649999999999999,3.0,613.0,757.72998046875,2026-06-04T18:31:23+00:00
2026-07-02,put,713.0,2.01,2.03,2.16,2.0199999999999996,1.0,327.0,757.72998046875,2026-06-04T18:31:23+00:00
2026-07-02,put,714.0,2.09,2.11,2.14,2.0999999999999996,22.0,565.0,757.72998046875,2026-06-04T18:31:23+00:00
2026-07-02,put,715.0,2.15,2.18,2.27,2.165,1805.0,1252.0,757.72998046875,2026-06-04T18:31:23+00:00
2026-07-02,put,716.0,2.22,2.25,2.57,2.2350000000000003,8.0,597.0,757.72998046875,2026-06-04T18:31:23+00:00
2026-07-02,put,717.0,2.29,2.31,2.36,2.3,9.0,500.0,757.72998046875,2026-06-04T18:31:23+00:00
2026-07-02,put,718.0,2.39,2.41,2.43,2.4000000000000004,41.0,1198.0,757.72998046875,2026-06-04T18:31:23+00:00
2026-07-02,put,719.0,2.46,2.49,2.59,2.475,24.0,207.0,757.72998046875,2026-06-04T18:31:23+00:00
2026-07-02,put,720.0,2.55,2.57,2.56,2.5599999999999996,191.0,4439.0,757.72998046875,2026-06-04T18:31:23+00:00
2026-07-02,put,721.0,2.64,2.66,2.68,2.6500000000000004,31.0,191.0,757.72998046875,2026-06-04T18:31:23+00:00
2026-07-02,put,722.0,2.73,2.75,2.84,2.74,5.0,388.0,757.72998046875,2026-06-04T18:31:23+00:00
2026-07-02,put,723.0,2.83,2.86,2.87,2.8449999999999998,13.0,66.0,757.72998046875,2026-06-04T18:31:23+00:00
2026-07-02,put,724.0,2.93,2.95,3.04,2.9400000000000004,33.0,161.0,757.72998046875,2026-06-04T18:31:23+00:00
2026-07-02,put,725.0,3.03,3.06,3.12,3.045,162.0,1324.0,757.72998046875,2026-06-04T18:31:23+00:00
2026-07-02,put,726.0,3.15,3.17,3.59,3.16,21.0,189.0,757.72998046875,2026-06-04T18:31:23+00:00
2026-07-02,put,727.0,3.26,3.29,3.47,3.275,12.0,187.0,757.72998046875,2026-06-04T18:31:23+00:00
2026-07-02,put,728.0,3.37,3.4,3.82,3.385,19.0,183.0,757.72998046875,2026-06-04T18:31:23+00:00
2026-07-02,put,729.0,3.5,3.53,3.7,3.5149999999999997,7.0,318.0,757.72998046875,2026-06-04T18:31:23+00:00
2026-07-02,put,730.0,3.63,3.66,3.66,3.645,771.0,623.0,757.72998046875,2026-06-04T18:31:23+00:00
2026-07-02,put,731.0,3.77,3.8,3.77,3.785,14.0,69.0,757.72998046875,2026-06-04T18:31:23+00:00
2026-07-02,put,732.0,3.91,3.93,4.1,3.92,14.0,268.0,757.72998046875,2026-06-04T18:31:23+00:00
2026-07-02,put,733.0,4.06,4.08,4.24,4.07,30.0,146.0,757.72998046875,2026-06-04T18:31:23+00:00
2026-07-02,put,734.0,4.2,4.23,4.28,4.215,17.0,487.0,757.72998046875,2026-06-04T18:31:23+00:00
2026-07-02,put,735.0,4.34,4.37,4.38,4.355,469.0,424.0,757.72998046875,2026-06-04T18:31:23+00:00
2026-07-02,put,736.0,4.54,4.57,5.21,4.555,23.0,136.0,757.72998046875,2026-06-04T18:31:23+00:00
2026-07-02,put,737.0,4.68,4.71,4.77,4.695,9.0,387.0,757.72998046875,2026-06-04T18:31:23+00:00
2026-07-02,put,738.0,4.89,4.91,5.3,4.9,15.0,308.0,757.72998046875,2026-06-04T18:31:23+00:00
2026-07-02,put,739.0,5.07,5.1,5.2,5.085,10.0,86.0,757.72998046875,2026-06-04T18:31:23+00:00
2026-07-02,put,740.0,5.28,5.31,5.39,5.295,235.0,1193.0,757.72998046875,2026-06-04T18:31:23+00:00
2026-07-02,put,741.0,5.47,5.5,5.74,5.484999999999999,11.0,75.0,757.72998046875,2026-06-04T18:31:23+00:00
2026-07-02,put,742.0,5.69,5.72,5.85,5.705,27.0,250.0,757.72998046875,2026-06-04T18:31:23+00:00
2026-07-02,put,743.0,5.92,5.95,6.16,5.9350000000000005,45.0,149.0,757.72998046875,2026-06-04T18:31:23+00:00
2026-07-02,put,744.0,6.17,6.2,6.47,6.1850000000000005,15.0,296.0,757.72998046875,2026-06-04T18:31:23+00:00
2026-07-02,put,745.0,6.39,6.42,6.53,6.404999999999999,94.0,663.0,757.72998046875,2026-06-04T18:31:23+00:00
2026-07-02,put,746.0,6.63,6.66,6.92,6.645,18.0,257.0,757.72998046875,2026-06-04T18:31:23+00:00
2026-07-02,put,747.0,6.89,6.92,7.64,6.904999999999999,58.0,190.0,757.72998046875,2026-06-04T18:31:23+00:00
2026-07-02,put,748.0,7.17,7.2,7.61,7.1850000000000005,29.0,153.0,757.72998046875,2026-06-04T18:31:23+00:00
2026-07-02,put,749.0,7.46,7.49,7.6,7.475,102.0,252.0,757.72998046875,2026-06-04T18:31:23+00:00
2026-07-02,put,750.0,7.75,7.78,7.94,7.765000000000001,2242.0,1086.0,757.72998046875,2026-06-04T18:31:23+00:00
2026-07-02,put,751.0,8.05,8.09,8.2,8.07,683.0,69.0,757.72998046875,2026-06-04T18:31:23+00:00
2026-07-02,put,752.0,8.37,8.4,8.55,8.385,617.0,249.0,757.72998046875,2026-06-04T18:31:23+00:00
2026-07-02,put,753.0,8.73,8.76,9.08,8.745000000000001,186.0,330.0,757.72998046875,2026-06-04T18:31:23+00:00
2026-07-02,put,754.0,9.07,9.1,9.27,9.085,427.0,253.0,757.72998046875,2026-06-04T18:31:23+00:00
2026-07-02,put,755.0,9.43,9.45,9.44,9.44,374.0,2006.0,757.72998046875,2026-06-04T18:31:23+00:00
2026-07-02,put,756.0,9.8,9.83,9.8,9.815000000000001,356.0,460.0,757.72998046875,2026-06-04T18:31:23+00:00
2026-07-02,put,757.0,10.2,10.24,10.24,10.219999999999999,197.0,559.0,757.72998046875,2026-06-04T18:31:23+00:00
2026-07-02,put,758.0,10.61,10.65,10.78,10.629999999999999,16.0,682.0,757.72998046875,2026-06-04T18:31:23+00:00
2026-07-02,put,759.0,11.04,11.08,12.5,11.059999999999999,12.0,182.0,757.72998046875,2026-06-04T18:31:23+00:00
2026-07-02,put,760.0,11.49,11.53,11.72,11.51,86.0,1111.0,757.72998046875,2026-06-04T18:31:23+00:00
2026-07-02,put,761.0,11.95,11.99,12.19,11.969999999999999,16.0,448.0,757.72998046875,2026-06-04T18:31:23+00:00
2026-07-02,put,762.0,12.42,12.46,12.6,12.440000000000001,10.0,69.0,757.72998046875,2026-06-04T18:31:23+00:00
2026-07-02,put,763.0,12.86,13.01,15.49,12.934999999999999,20.0,51.0,757.72998046875,2026-06-04T18:31:23+00:00
2026-07-02,put,764.0,13.38,13.53,15.26,13.455,2.0,16.0,757.72998046875,2026-06-04T18:31:23+00:00
2026-07-02,put,765.0,13.91,15.23,15.26,14.57,1.0,49.0,757.72998046875,2026-06-04T18:31:23+00:00
2026-07-02,put,767.0,15.01,16.7,15.2,15.855,3.0,4.0,757.72998046875,2026-06-04T18:31:23+00:00
2026-07-02,put,768.0,15.59,15.76,16.62,15.675,23.0,2.0,757.72998046875,2026-06-04T18:31:23+00:00
2026-07-02,put,769.0,16.23,17.87,18.24,17.05,3.0,4.0,757.72998046875,2026-06-04T18:31:23+00:00
2026-07-02,put,770.0,16.86,18.76,20.87,17.810000000000002,,1.0,757.72998046875,2026-06-04T18:31:23+00:00
2026-07-02,put,775.0,19.07,22.1,24.0,20.585,2.0,14.0,757.72998046875,2026-06-04T18:31:23+00:00
2026-07-02,put,776.0,21.03,22.98,30.76,22.005000000000003,2.0,1.0,757.72998046875,2026-06-04T18:31:23+00:00
2026-07-02,put,780.0,24.16,24.43,26.85,24.295,6.0,7.0,757.72998046875,2026-06-04T18:31:23+00:00
2026-07-02,put,795.0,37.62,39.61,45.2,38.614999999999995,7.0,7.0,757.72998046875,2026-06-04T18:31:23+00:00
2026-07-31,call,375.0,381.79,385.24,381.75,383.515,,3.0,757.72998046875,2026-06-04T18:31:23+00:00
2026-07-31,call,435.0,303.4,306.5,224.74,304.95,,1.0,757.72998046875,2026-06-04T18:31:23+00:00
2026-07-31,call,445.0,312.4,315.3,315.74,313.85,2.0,2.0,757.72998046875,2026-06-04T18:31:23+00:00
2026-07-31,call,450.0,307.48,310.35,310.69,308.915,1.0,52.0,757.72998046875,2026-06-04T18:31:23+00:00
2026-07-31,call,465.0,248.57,251.8,222.62,250.185,6.0,6.0,757.72998046875,2026-06-04T18:31:23+00:00
2026-07-31,call,470.0,0.0,0.0,192.74,0.0,1.0,0.0,757.72998046875,2026-06-04T18:31:23+00:00
2026-07-31,call,475.0,282.71,285.8,240.12,284.255,18.0,33.0,757.72998046875,2026-06-04T18:31:23+00:00
2026-07-31,call,485.0,254.11,257.39,178.4,255.75,32.0,33.0,757.72998046875,2026-06-04T18:31:23+00:00
2026-07-31,call,490.0,0.0,0.0,158.96,0.0,2.0,0.0,757.72998046875,2026-06-04T18:31:23+00:00
2026-07-31,call,495.0,262.87,265.96,224.03,264.41499999999996,20.0,20.0,757.72998046875,2026-06-04T18:31:23+00:00
2026-07-31,call,500.0,257.92,261.01,262.46,259.46500000000003,4.0,35.0,757.72998046875,2026-06-04T18:31:23+00:00
2026-07-31,call,505.0,0.0,0.0,165.9,0.0,25.0,0.0,757.72998046875,2026-06-04T18:31:23+00:00
2026-07-31,call,510.0,204.64,207.94,167.3,206.29,1.0,3.0,757.72998046875,2026-06-04T18:31:23+00:00
2026-07-31,call,515.0,243.03,246.02,191.93,244.525,8.0,8.0,757.72998046875,2026-06-04T18:31:23+00:00
2026-07-31,call,520.0,238.11,241.28,219.31,239.695,2.0,8.0,757.72998046875,2026-06-04T18:31:23+00:00
2026-07-31,call,525.0,233.16,236.28,216.77,234.72,1.0,9.0,757.72998046875,2026-06-04T18:31:23+00:00
2026-07-31,call,530.0,228.19,231.19,222.51,229.69,1.0,3.0,757.72998046875,2026-06-04T18:31:23+00:00
2026-07-31,call,535.0,223.31,226.4,226.63,224.85500000000002,1.0,32.0,757.72998046875,2026-06-04T18:31:23+00:00
2026-07-31,call,540.0,218.35,221.46,218.2,219.905,1.0,4.0,757.72998046875,2026-06-04T18:31:23+00:00
2026-07-31,call,545.0,195.23,198.51,143.51,196.87,1.0,3.0,757.72998046875,2026-06-04T18:31:23+00:00
2026-07-31,call,550.0,208.47,211.58,212.11,210.025,2.0,23.0,757.72998046875,2026-06-04T18:31:23+00:00
2026-07-31,call,555.0,203.56,206.71,201.5,205.135,1.0,1.0,757.72998046875,2026-06-04T18:31:23+00:00
2026-07-31,call,560.0,198.61,201.59,198.54,200.10000000000002,1.0,9.0,757.72998046875,2026-06-04T18:31:23+00:00
2026-07-31,call,565.0,193.61,196.67,185.12,195.14,1.0,3.0,757.72998046875,2026-06-04T18:31:23+00:00
2026-07-31,call,570.0,188.75,191.73,191.0,190.24,25.0,1424.0,757.72998046875,2026-06-04T18:31:23+00:00
2026-07-31,call,575.0,183.75,186.83,178.27,185.29000000000002,1.0,9.0,757.72998046875,2026-06-04T18:31:23+00:00
2026-07-31,call,580.0,178.91,182.38,177.98,180.64499999999998,175.0,181.0,757.72998046875,2026-06-04T18:31:23+00:00
2026-07-31,call,585.0,173.9,176.99,166.61,175.445,1.0,25.0,757.72998046875,2026-06-04T18:31:23+00:00
2026-07-31,call,590.0,169.06,172.11,154.7,170.585,1.0,14.0,757.72998046875,2026-06-04T18:31:23+00:00
2026-07-31,call,595.0,164.13,167.21,166.21,165.67000000000002,2.0,678.0,757.72998046875,2026-06-04T18:31:23+00:00
2026-07-31,call,600.0,159.22,162.3,159.37,160.76,1.0,281.0,757.72998046875,2026-06-04T18:31:23+00:00
2026-07-31,call,605.0,154.31,157.41,146.74,155.86,1.0,29.0,757.72998046875,2026-06-04T18:31:23+00:00
2026-07-31,call,610.0,149.42,152.5,145.28,150.95999999999998,7.0,140.0,757.72998046875,2026-06-04T18:31:23+00:00
2026-07-31,call,615.0,144.5,147.66,145.27,146.07999999999998,3.0,580.0,757.72998046875,2026-06-04T18:31:23+00:00
2026-07-31,call,620.0,139.61,142.75,140.34,141.18,3.0,1221.0,757.72998046875,2026-06-04T18:31:23+00:00
2026-07-31,call,621.0,138.56,141.79,138.56,140.175,1.0,11.0,757.72998046875,2026-06-04T18:31:23+00:00
2026-07-31,call,622.0,120.74,124.0,84.27,122.37,3.0,12.0,757.72998046875,2026-06-04T18:31:23+00:00
2026-07-31,call,623.0,136.67,139.82,123.86,138.245,1.0,95.0,757.72998046875,2026-06-04T18:31:23+00:00
2026-07-31,call,624.0,0.0,0.0,74.94,0.0,1.0,0.0,757.72998046875,2026-06-04T18:31:23+00:00
2026-07-31,call,625.0,134.78,138.03,122.47,136.405,2.0,603.0,757.72998046875,2026-06-04T18:31:23+00:00
2026-07-31,call,626.0,133.75,136.93,119.33,135.34,1.0,2.0,757.72998046875,2026-06-04T18:31:23+00:00
2026-07-31,call,627.0,116.0,119.29,83.32,117.64500000000001,10.0,10.0,757.72998046875,2026-06-04T18:31:23+00:00
2026-07-31,call,628.0,0.0,0.0,77.64,0.0,1.0,0.0,757.72998046875,2026-06-04T18:31:23+00:00
2026-07-31,call,629.0,114.1,117.4,76.37,115.75,2.0,3.0,757.72998046875,2026-06-04T18:31:23+00:00
2026-07-31,call,630.0,129.78,133.03,133.42,131.405,4.0,748.0,757.72998046875,2026-06-04T18:31:23+00:00
2026-07-31,call,631.0,128.8,132.06,91.44,130.43,8.0,11.0,757.72998046875,2026-06-04T18:31:23+00:00
2026-07-31,call,632.0,127.82,131.07,129.16,129.445,5.0,10.0,757.72998046875,2026-06-04T18:31:23+00:00
2026-07-31,call,633.0,126.86,130.12,124.04,128.49,1.0,6.0,757.72998046875,2026-06-04T18:31:23+00:00
2026-07-31,call,634.0,125.94,129.18,125.47,127.56,125.0,127.0,757.72998046875,2026-06-04T18:31:23+00:00
2026-07-31,call,635.0,124.97,128.18,122.04,126.575,1.0,28.0,757.72998046875,2026-06-04T18:31:23+00:00
2026-07-31,call,636.0,123.98,127.2,125.77,125.59,1.0,16.0,757.72998046875,2026-06-04T18:31:23+00:00
2026-07-31,call,637.0,106.56,109.87,67.16,108.215,1.0,702.0,757.72998046875,2026-06-04T18:31:23+00:00
2026-07-31,call,638.0,122.03,125.3,118.4,123.66499999999999,1.0,567.0,757.72998046875,2026-06-04T18:31:23+00:00
2026-07-31,call,639.0,121.09,124.35,115.16,122.72,1.0,22.0,757.72998046875,2026-06-04T18:31:23+00:00
2026-07-31,call,640.0,120.04,123.35,119.4,121.695,1.0,366.0,757.72998046875,2026-06-04T18:31:23+00:00
2026-07-31,call,641.0,119.13,122.38,123.27,120.755,3.0,92.0,757.72998046875,2026-06-04T18:31:23+00:00
2026-07-31,call,642.0,118.16,121.42,117.6,119.78999999999999,50.0,64.0,757.72998046875,2026-06-04T18:31:23+00:00
2026-07-31,call,643.0,100.94,104.25,72.1,102.595,1.0,103.0,757.72998046875,2026-06-04T18:31:23+00:00
2026-07-31,call,644.0,116.22,119.52,109.12,117.87,6.0,94.0,757.72998046875,2026-06-04T18:31:23+00:00
2026-07-31,call,645.0,115.24,118.63,109.97,116.935,5.0,172.0,757.72998046875,2026-06-04T18:31:23+00:00
2026-07-31,call,646.0,114.28,117.58,101.63,115.93,1.0,32.0,757.72998046875,2026-06-04T18:31:23+00:00
2026-07-31,call,647.0,113.31,116.73,99.62,115.02000000000001,6.0,1217.0,757.72998046875,2026-06-04T18:31:23+00:00
2026-07-31,call,648.0,112.36,115.66,111.8,114.00999999999999,2.0,10.0,757.72998046875,2026-06-04T18:31:23+00:00
2026-07-31,call,649.0,111.36,114.71,96.59,113.035,1.0,11.0,757.72998046875,2026-06-04T18:31:23+00:00
2026-07-31,call,650.0,110.41,113.76,113.91,112.08500000000001,4.0,1286.0,757.72998046875,2026-06-04T18:31:23+00:00
2026-07-31,call,651.0,94.98,96.82,48.17,95.9,1.0,19.0,757.72998046875,2026-06-04T18:31:23+00:00
2026-07-31,call,652.0,108.48,111.81,103.59,110.14500000000001,1.0,22.0,757.72998046875,2026-06-04T18:31:23+00:00
2026-07-31,call,653.0,107.51,110.86,91.66,109.185,2.0,46.0,757.72998046875,2026-06-04T18:31:23+00:00
2026-07-31,call,654.0,106.55,109.91,98.79,108.22999999999999,2.0,153.0,757.72998046875,2026-06-04T18:31:23+00:00
2026-07-31,call,655.0,105.62,108.97,106.14,107.295,1.0,240.0,757.72998046875,2026-06-04T18:31:23+00:00
2026-07-31,call,656.0,104.63,107.94,105.5,106.285,3.0,134.0,757.72998046875,2026-06-04T18:31:23+00:00
2026-07-31,call,657.0,103.67,107.05,103.65,105.36,1.0,168.0,757.72998046875,2026-06-04T18:31:23+00:00
2026-07-31,call,658.0,102.71,106.1,103.46,104.405,2.0,27.0,757.72998046875,2026-06-04T18:31:23+00:00
2026-07-31,call,659.0,101.8,105.11,97.2,103.455,3.0,86.0,757.72998046875,2026-06-04T18:31:23+00:00
2026-07-31,call,660.0,100.86,104.14,101.8,102.5,1.0,543.0,757.72998046875,2026-06-04T18:31:23+00:00
2026-07-31,call,661.0,99.9,103.18,103.14,101.54,4.0,286.0,757.72998046875,2026-06-04T18:31:23+00:00
2026-07-31,call,662.0,98.8,101.65,88.37,100.225,1.0,82.0,757.72998046875,2026-06-04T18:31:23+00:00
2026-07-31,call,663.0,98.01,100.57,102.18,99.28999999999999,1.0,164.0,757.72998046875,2026-06-04T18:31:23+00:00
2026-07-31,call,664.0,96.93,99.7,92.9,98.315,1.0,75.0,757.72998046875,2026-06-04T18:31:23+00:00
2026-07-31,call,665.0,96.07,98.81,94.07,97.44,1.0,572.0,757.72998046875,2026-06-04T18:31:23+00:00
2026-07-31,call,666.0,95.04,98.44,93.55,96.74000000000001,1.0,259.0,757.72998046875,2026-06-04T18:31:23+00:00
2026-07-31,call,667.0,94.18,96.66,91.81,95.42,1.0,469.0,757.72998046875,2026-06-04T18:31:23+00:00
2026-07-31,call,668.0,93.25,95.7,90.86,94.475,1.0,20.0,757.72998046875,2026-06-04T18:31:23+00:00
2026-07-31,call,669.0,92.36,94.75,87.79,93.555,2.0,173.0,757.72998046875,2026-06-04T18:31:23+00:00
2026-07-31,call,670.0,91.38,93.96,90.74,92.66999999999999,34.0,831.0,757.72998046875,2026-06-04T18:31:23+00:00
2026-07-31,call,671.0,90.24,92.85,74.73,91.54499999999999,11.0,149.0,757.72998046875,2026-06-04T18:31:23+00:00
2026-07-31,call,672.0,89.29,91.91,87.38,90.6,1.0,57.0,757.72998046875,2026-06-04T18:31:23+00:00
2026-07-31,call,673.0,88.34,90.95,78.39,89.64500000000001,1.0,265.0,757.72998046875,2026-06-04T18:31:23+00:00
2026-07-31,call,674.0,87.51,90.25,91.31,88.88,1.0,388.0,757.72998046875,2026-06-04T18:31:23+00:00
2026-07-31,call,675.0,86.49,89.25,86.75,87.87,9.0,647.0,757.72998046875,2026-06-04T18:31:23+00:00
2026-07-31,call,676.0,85.7,88.36,86.04,87.03,1.0,104.0,757.72998046875,2026-06-04T18:31:23+00:00
2026-07-31,call,677.0,84.57,87.18,69.32,85.875,1.0,49.0,757.72998046875,2026-06-04T18:31:23+00:00
2026-07-31,call,678.0,83.84,86.23,78.77,85.035,1.0,136.0,757.72998046875,2026-06-04T18:31:23+00:00
2026-07-31,call,679.0,82.87,85.49,76.45,84.18,2.0,267.0,757.72998046875,2026-06-04T18:31:23+00:00
2026-07-31,call,680.0,81.98,84.66,81.37,83.32,2.0,664.0,757.72998046875,2026-06-04T18:31:23+00:00
2026-07-31,call,681.0,81.01,83.62,81.96,82.315,3.0,482.0,757.72998046875,2026-06-04T18:31:23+00:00
2026-07-31,call,682.0,79.82,82.69,81.9,81.255,3.0,391.0,757.72998046875,2026-06-04T18:31:23+00:00
2026-07-31,call,683.0,79.23,81.76,80.08,80.495,3.0,283.0,757.72998046875,2026-06-04T18:31:23+00:00
2026-07-31,call,684.0,78.0,80.81,78.98,79.405,1.0,242.0,757.72998046875,2026-06-04T18:31:23+00:00
2026-07-31,call,685.0,76.99,79.67,76.99,78.33,1.0,609.0,757.72998046875,2026-06-04T18:31:23+00:00
2026-07-31,call,686.0,76.09,78.73,70.0,77.41,1.0,153.0,757.72998046875,2026-06-04T18:31:23+00:00
2026-07-31,call,687.0,75.18,77.8,72.07,76.49000000000001,82.0,62.0,757.72998046875,2026-06-04T18:31:23+00:00
2026-07-31,call,688.0,74.28,77.13,75.73,75.705,4.0,129.0,757.72998046875,2026-06-04T18:31:23+00:00
2026-07-31,call,689.0,73.3,75.95,74.25,74.625,1.0,186.0,757.72998046875,2026-06-04T18:31:23+00:00
2026-07-31,call,690.0,72.37,74.8,72.49,73.58500000000001,4.0,1134.0,757.72998046875,2026-06-04T18:31:23+00:00
2026-07-31,call,691.0,71.43,73.69,72.74,72.56,1.0,186.0,757.72998046875,2026-06-04T18:31:23+00:00
2026-07-31,call,692.0,70.53,73.17,71.18,71.85,2.0,235.0,757.72998046875,2026-06-04T18:31:23+00:00
2026-07-31,call,693.0,69.55,72.03,73.35,70.78999999999999,5.0,295.0,757.72998046875,2026-06-04T18:31:23+00:00
2026-07-31,call,694.0,69.06,71.13,72.49,70.095,6.0,120.0,757.72998046875,2026-06-04T18:31:23+00:00
2026-07-31,call,695.0,68.08,70.2,66.97,69.14,5.0,905.0,757.72998046875,2026-06-04T18:31:23+00:00
2026-07-31,call,696.0,67.26,68.79,66.64,68.025,3.0,452.0,757.72998046875,2026-06-04T18:31:23+00:00
2026-07-31,call,697.0,65.95,67.92,64.59,66.935,1.0,203.0,757.72998046875,2026-06-04T18:31:23+00:00
2026-07-31,call,698.0,64.99,66.99,60.88,65.99,2.0,134.0,757.72998046875,2026-06-04T18:31:23+00:00
2026-07-31,call,699.0,64.21,67.26,64.83,65.735,1.0,357.0,757.72998046875,2026-06-04T18:31:23+00:00
2026-07-31,call,700.0,63.19,65.12,61.55,64.155,3.0,2399.0,757.72998046875,2026-06-04T18:31:23+00:00
2026-07-31,call,701.0,62.27,64.23,61.39,63.25,8.0,339.0,757.72998046875,2026-06-04T18:31:23+00:00
2026-07-31,call,702.0,61.36,63.34,60.08,62.35,1.0,349.0,757.72998046875,2026-06-04T18:31:23+00:00
2026-07-31,call,703.0,60.48,62.42,60.29,61.45,5.0,230.0,757.72998046875,2026-06-04T18:31:23+00:00
2026-07-31,call,704.0,59.57,61.52,59.48,60.545,20.0,198.0,757.72998046875,2026-06-04T18:31:23+00:00
2026-07-31,call,705.0,58.76,60.65,55.54,59.705,24.0,422.0,757.72998046875,2026-06-04T18:31:23+00:00
2026-07-31,call,706.0,57.77,59.71,57.64,58.74,4.0,396.0,757.72998046875,2026-06-04T18:31:23+00:00
2026-07-31,call,707.0,56.87,58.76,54.23,57.815,10.0,262.0,757.72998046875,2026-06-04T18:31:23+00:00
2026-07-31,call,708.0,55.97,57.89,56.06,56.93,2.0,342.0,757.72998046875,2026-06-04T18:31:23+00:00
2026-07-31,call,709.0,55.09,57.04,55.08,56.065,6.0,159.0,757.72998046875,2026-06-04T18:31:23+00:00
2026-07-31,call,710.0,54.36,56.09,53.81,55.225,8.0,1121.0,757.72998046875,2026-06-04T18:31:23+00:00
2026-07-31,call,711.0,53.29,55.23,55.29,54.26,1.0,427.0,757.72998046875,2026-06-04T18:31:23+00:00
2026-07-31,call,712.0,52.38,54.29,51.53,53.335,16.0,334.0,757.72998046875,2026-06-04T18:31:23+00:00
2026-07-31,call,713.0,51.75,53.52,52.4,52.635000000000005,2.0,353.0,757.72998046875,2026-06-04T18:31:23+00:00
2026-07-31,call,714.0,50.88,52.58,51.38,51.730000000000004,1.0,407.0,757.72998046875,2026-06-04T18:31:23+00:00
2026-07-31,call,715.0,51.44,51.72,51.14,51.58,1.0,916.0,757.72998046875,2026-06-04T18:31:23+00:00
2026-07-31,call,716.0,48.92,50.86,50.06,49.89,3.0,505.0,757.72998046875,2026-06-04T18:31:23+00:00
2026-07-31,call,717.0,48.06,49.96,47.98,49.010000000000005,2.0,464.0,757.72998046875,2026-06-04T18:31:23+00:00
2026-07-31,call,718.0,47.17,49.15,48.61,48.16,1.0,171.0,757.72998046875,2026-06-04T18:31:23+00:00
2026-07-31,call,719.0,46.59,48.26,43.82,47.425,1.0,1129.0,757.72998046875,2026-06-04T18:31:23+00:00
2026-07-31,call,720.0,45.75,47.34,45.28,46.545,3.0,2601.0,757.72998046875,2026-06-04T18:31:23+00:00
2026-07-31,call,721.0,44.84,46.57,45.3,45.705,5.0,597.0,757.72998046875,2026-06-04T18:31:23+00:00
2026-07-31,call,722.0,44.06,45.67,43.31,44.865,171.0,507.0,757.72998046875,2026-06-04T18:31:23+00:00
2026-07-31,call,725.0,41.23,43.1,42.03,42.165,12.0,1500.0,757.72998046875,2026-06-04T18:31:23+00:00
2026-07-31,call,726.0,40.42,42.29,41.23,41.355000000000004,2.0,285.0,757.72998046875,2026-06-04T18:31:23+00:00
2026-07-31,call,727.0,39.98,42.63,43.5,41.305,7.0,66.0,757.72998046875,2026-06-04T18:31:23+00:00
2026-07-31,call,728.0,39.17,40.67,39.7,39.92,1.0,342.0,757.72998046875,2026-06-04T18:31:23+00:00
2026-07-31,call,729.0,38.36,39.78,38.83,39.07,10.0,195.0,757.72998046875,2026-06-04T18:31:23+00:00
2026-07-31,call,730.0,38.73,38.96,38.63,38.845,24.0,1149.0,757.72998046875,2026-06-04T18:31:23+00:00
2026-07-31,call,731.0,37.89,38.18,36.58,38.035,18.0,219.0,757.72998046875,2026-06-04T18:31:23+00:00
2026-07-31,call,732.0,37.11,37.36,38.75,37.235,36.0,205.0,757.72998046875,2026-06-04T18:31:23+00:00
2026-07-31,call,733.0,36.28,36.59,36.93,36.435,8.0,266.0,757.72998046875,2026-06-04T18:31:23+00:00
2026-07-31,call,734.0,35.52,35.75,37.6,35.635000000000005,20.0,877.0,757.72998046875,2026-06-04T18:31:23+00:00
2026-07-31,call,735.0,34.72,34.99,31.83,34.855000000000004,1.0,739.0,757.72998046875,2026-06-04T18:31:23+00:00
2026-07-31,call,736.0,33.88,34.15,33.0,34.015,7.0,355.0,757.72998046875,2026-06-04T18:31:23+00:00
2026-07-31,call,737.0,33.16,33.38,32.15,33.269999999999996,1.0,144.0,757.72998046875,2026-06-04T18:31:23+00:00
2026-07-31,call,738.0,32.35,32.62,30.97,32.485,1.0,242.0,757.72998046875,2026-06-04T18:31:23+00:00
2026-07-31,call,739.0,31.57,31.82,31.12,31.695,14.0,424.0,757.72998046875,2026-06-04T18:31:23+00:00
2026-07-31,call,740.0,29.35,31.08,28.96,30.215,143.0,1583.0,757.72998046875,2026-06-04T18:31:23+00:00
2026-07-31,call,741.0,30.11,30.33,31.3,30.22,2.0,494.0,757.72998046875,2026-06-04T18:31:23+00:00
2026-07-31,call,742.0,29.31,29.58,31.4,29.445,4.0,379.0,757.72998046875,2026-06-04T18:31:23+00:00
2026-07-31,call,743.0,28.6,28.8,28.14,28.700000000000003,1.0,230.0,757.72998046875,2026-06-04T18:31:23+00:00
2026-07-31,call,744.0,27.84,28.04,27.74,27.939999999999998,2.0,409.0,757.72998046875,2026-06-04T18:31:23+00:00
2026-07-31,call,745.0,27.19,27.42,26.01,27.305,98.0,899.0,757.72998046875,2026-06-04T18:31:23+00:00
2026-07-31,call,746.0,26.39,26.6,24.97,26.495,3.0,342.0,757.72998046875,2026-06-04T18:31:23+00:00
2026-07-31,call,747.0,24.7,25.95,23.79,25.325,3.0,404.0,757.72998046875,2026-06-04T18:31:23+00:00
2026-07-31,call,748.0,24.93,25.14,23.35,25.035,7.0,200.0,757.72998046875,2026-06-04T18:31:23+00:00
2026-07-31,call,749.0,24.33,24.55,22.04,24.439999999999998,2.0,1480.0,757.72998046875,2026-06-04T18:31:23+00:00
2026-07-31,call,750.0,23.59,23.75,23.56,23.67,54.0,8139.0,757.72998046875,2026-06-04T18:31:23+00:00
2026-07-31,call,751.0,22.88,23.1,22.38,22.990000000000002,18.0,1424.0,757.72998046875,2026-06-04T18:31:23+00:00
2026-07-31,call,752.0,22.24,22.42,21.73,22.33,243.0,2483.0,757.72998046875,2026-06-04T18:31:23+00:00
2026-07-31,call,753.0,21.56,21.73,21.05,21.645,84.0,2105.0,757.72998046875,2026-06-04T18:31:23+00:00
2026-07-31,call,754.0,20.95,21.14,20.38,21.045,17.0,1176.0,757.72998046875,2026-06-04T18:31:23+00:00
2026-07-31,call,755.0,20.25,20.41,20.2,20.33,81.0,28034.0,757.72998046875,2026-06-04T18:31:23+00:00
2026-07-31,call,756.0,19.62,19.77,19.34,19.695,126.0,1020.0,757.72998046875,2026-06-04T18:31:23+00:00
2026-07-31,call,757.0,18.98,19.01,18.96,18.995,94.0,660.0,757.72998046875,2026-06-04T18:31:23+00:00
2026-07-31,call,758.0,18.36,18.39,18.27,18.375,43.0,1108.0,757.72998046875,2026-06-04T18:31:23+00:00
2026-07-31,call,759.0,17.77,17.81,17.54,17.79,20.0,1466.0,757.72998046875,2026-06-04T18:31:23+00:00
2026-07-31,call,760.0,17.17,17.2,17.21,17.185000000000002,596.0,3221.0,757.72998046875,2026-06-04T18:31:23+00:00
2026-07-31,call,761.0,16.67,16.69,16.6,16.68,112.0,645.0,757.72998046875,2026-06-04T18:31:23+00:00
2026-07-31,call,762.0,16.04,16.07,15.58,16.055,4.0,211.0,757.72998046875,2026-06-04T18:31:23+00:00
2026-07-31,call,763.0,15.44,15.47,12.95,15.455,4.0,214.0,757.72998046875,2026-06-04T18:31:23+00:00
2026-07-31,call,764.0,14.89,14.92,14.85,14.905000000000001,8.0,531.0,757.72998046875,2026-06-04T18:31:23+00:00
2026-07-31,call,765.0,14.36,14.39,14.16,14.375,57.0,1370.0,757.72998046875,2026-06-04T18:31:23+00:00
2026-07-31,call,766.0,13.82,13.85,11.69,13.835,5.0,338.0,757.72998046875,2026-06-04T18:31:23+00:00
2026-07-31,call,767.0,13.31,13.34,11.46,13.325,4.0,776.0,757.72998046875,2026-06-04T18:31:23+00:00
2026-07-31,call,768.0,12.8,12.83,12.15,12.815000000000001,25.0,335.0,757.72998046875,2026-06-04T18:31:23+00:00
2026-07-31,call,769.0,12.32,12.35,11.66,12.335,6.0,204.0,757.72998046875,2026-06-04T18:31:23+00:00
2026-07-31,call,770.0,11.83,11.86,11.7,11.844999999999999,562.0,1715.0,757.72998046875,2026-06-04T18:31:23+00:00
2026-07-31,call,771.0,11.36,11.39,10.73,11.375,50.0,1693.0,757.72998046875,2026-06-04T18:31:23+00:00
2026-07-31,call,772.0,10.89,10.92,12.37,10.905000000000001,46.0,252.0,757.72998046875,2026-06-04T18:31:23+00:00
2026-07-31,call,773.0,10.44,10.47,10.06,10.455,2.0,146.0,757.72998046875,2026-06-04T18:31:23+00:00
2026-07-31,call,774.0,10.01,10.03,8.26,10.02,1.0,480.0,757.72998046875,2026-06-04T18:31:23+00:00
2026-07-31,call,775.0,9.59,9.62,9.34,9.605,24.0,3483.0,757.72998046875,2026-06-04T18:31:23+00:00
2026-07-31,call,776.0,9.19,9.22,8.63,9.205,36.0,673.0,757.72998046875,2026-06-04T18:31:23+00:00
2026-07-31,call,777.0,8.77,8.8,8.51,8.785,150.0,248.0,757.72998046875,2026-06-04T18:31:23+00:00
2026-07-31,call,778.0,8.42,8.44,7.52,8.43,2.0,246.0,757.72998046875,2026-06-04T18:31:23+00:00
2026-07-31,call,779.0,8.02,8.05,7.84,8.035,4.0,641.0,757.72998046875,2026-06-04T18:31:23+00:00
2026-07-31,call,780.0,7.66,7.69,6.8,7.675000000000001,45.0,2790.0,757.72998046875,2026-06-04T18:31:23+00:00
2026-07-31,call,781.0,7.3,7.33,7.21,7.3149999999999995,16.0,209.0,757.72998046875,2026-06-04T18:31:23+00:00
2026-07-31,call,782.0,6.97,7.0,6.87,6.984999999999999,12.0,414.0,757.72998046875,2026-06-04T18:31:23+00:00
2026-07-31,call,783.0,6.67,6.69,5.02,6.68,10.0,511.0,757.72998046875,2026-06-04T18:31:23+00:00
2026-07-31,call,784.0,6.33,6.35,6.16,6.34,117.0,1155.0,757.72998046875,2026-06-04T18:31:23+00:00
2026-07-31,call,785.0,6.02,6.05,5.8,6.035,103.0,1769.0,757.72998046875,2026-06-04T18:31:23+00:00
2026-07-31,call,786.0,5.73,5.76,5.33,5.745,13.0,407.0,757.72998046875,2026-06-04T18:31:23+00:00
2026-07-31,call,787.0,5.44,5.47,5.24,5.455,6.0,87.0,757.72998046875,2026-06-04T18:31:23+00:00
2026-07-31,call,788.0,5.18,5.21,5.12,5.195,3.0,811.0,757.72998046875,2026-06-04T18:31:23+00:00
2026-07-31,call,789.0,4.94,4.97,4.44,4.955,4.0,880.0,757.72998046875,2026-06-04T18:31:23+00:00
2026-07-31,call,790.0,4.65,4.68,4.45,4.665,131.0,1327.0,757.72998046875,2026-06-04T18:31:23+00:00
2026-07-31,call,791.0,4.41,4.44,4.49,4.425000000000001,3.0,301.0,757.72998046875,2026-06-04T18:31:23+00:00
2026-07-31,call,792.0,4.2,4.22,3.29,4.21,1.0,13.0,757.72998046875,2026-06-04T18:31:23+00:00
2026-07-31,call,793.0,3.97,3.99,3.57,3.9800000000000004,84.0,490.0,757.72998046875,2026-06-04T18:31:23+00:00
2026-07-31,call,794.0,3.76,3.79,3.58,3.775,30.0,1280.0,757.72998046875,2026-06-04T18:31:23+00:00
2026-07-31,call,795.0,3.58,3.59,3.35,3.585,31.0,2348.0,757.72998046875,2026-06-04T18:31:23+00:00
2026-07-31,call,796.0,3.36,3.38,2.8,3.37,1.0,36.0,757.72998046875,2026-06-04T18:31:23+00:00
2026-07-31,call,797.0,3.17,3.2,2.51,3.185,22.0,62.0,757.72998046875,2026-06-04T18:31:23+00:00
2026-07-31,call,798.0,3.0,3.03,2.64,3.0149999999999997,20.0,21.0,757.72998046875,2026-06-04T18:31:23+00:00
2026-07-31,call,799.0,2.83,2.86,2.67,2.8449999999999998,30.0,168.0,757.72998046875,2026-06-04T18:31:23+00:00
2026-07-31,call,800.0,2.68,2.7,2.65,2.6900000000000004,100.0,2743.0,757.72998046875,2026-06-04T18:31:23+00:00
2026-07-31,call,805.0,1.99,2.01,1.93,2.0,29.0,1458.0,757.72998046875,2026-06-04T18:31:23+00:00
2026-07-31,call,810.0,1.45,1.46,1.42,1.455,24.0,1037.0,757.72998046875,2026-06-04T18:31:23+00:00
2026-07-31,call,815.0,1.05,1.07,1.01,1.06,12.0,1103.0,757.72998046875,2026-06-04T18:31:23+00:00
2026-07-31,call,820.0,0.76,0.78,0.72,0.77,32.0,2793.0,757.72998046875,2026-06-04T18:31:23+00:00
2026-07-31,call,825.0,0.55,0.57,0.51,0.56,1.0,8523.0,757.72998046875,2026-06-04T18:31:23+00:00
2026-07-31,call,830.0,0.4,0.42,0.39,0.41000000000000003,85.0,1374.0,757.72998046875,2026-06-04T18:31:23+00:00
2026-07-31,call,835.0,0.31,0.32,0.3,0.315,254.0,942.0,757.72998046875,2026-06-04T18:31:23+00:00
2026-07-31,call,840.0,0.23,0.24,0.23,0.235,15.0,507.0,757.72998046875,2026-06-04T18:31:23+00:00
2026-07-31,put,375.0,0.07,0.08,0.08,0.07500000000000001,2.0,8961.0,757.72998046875,2026-06-04T18:31:23+00:00
2026-07-31,put,380.0,0.07,0.08,0.1,0.07500000000000001,1.0,1088.0,757.72998046875,2026-06-04T18:31:23+00:00
2026-07-31,put,385.0,0.08,0.09,0.11,0.08499999999999999,15.0,415.0,757.72998046875,2026-06-04T18:31:23+00:00
2026-07-31,put,390.0,0.08,0.09,0.11,0.08499999999999999,5.0,1036.0,757.72998046875,2026-06-04T18:31:23+00:00
2026-07-31,put,395.0,0.09,0.1,0.11,0.095,5.0,345.0,757.72998046875,2026-06-04T18:31:23+00:00
2026-07-31,put,400.0,0.09,0.1,0.11,0.095,55.0,2154.0,757.72998046875,2026-06-04T18:31:23+00:00
2026-07-31,put,405.0,0.1,0.11,0.12,0.10500000000000001,5.0,628.0,757.72998046875,2026-06-04T18:31:23+00:00
2026-07-31,put,410.0,0.1,0.12,0.13,0.11,5.0,4922.0,757.72998046875,2026-06-04T18:31:23+00:00
2026-07-31,put,415.0,0.11,0.12,0.15,0.11499999999999999,10.0,310.0,757.72998046875,2026-06-04T18:31:23+00:00
2026-07-31,put,420.0,0.12,0.13,0.14,0.125,5.0,778.0,757.72998046875,2026-06-04T18:31:23+00:00
2026-07-31,put,425.0,0.13,0.14,0.16,0.135,5.0,177.0,757.72998046875,2026-06-04T18:31:23+00:00
2026-07-31,put,430.0,0.13,0.14,0.15,0.135,161.0,8911.0,757.72998046875,2026-06-04T18:31:23+00:00
2026-07-31,put,435.0,0.14,0.15,0.15,0.14500000000000002,5.0,2103.0,757.72998046875,2026-06-04T18:31:23+00:00
2026-07-31,put,440.0,0.15,0.16,0.17,0.155,10.0,2991.0,757.72998046875,2026-06-04T18:31:23+00:00
2026-07-31,put,445.0,0.16,0.17,0.17,0.165,1.0,402.0,757.72998046875,2026-06-04T18:31:23+00:00
2026-07-31,put,450.0,0.17,0.18,0.21,0.175,1.0,1021.0,757.72998046875,2026-06-04T18:31:23+00:00
2026-07-31,put,455.0,0.18,0.19,0.23,0.185,1.0,137.0,757.72998046875,2026-06-04T18:31:23+00:00
2026-07-31,put,460.0,0.19,0.2,0.2,0.195,101.0,3215.0,757.72998046875,2026-06-04T18:31:23+00:00
2026-07-31,put,465.0,0.2,0.21,0.25,0.20500000000000002,1.0,663.0,757.72998046875,2026-06-04T18:31:23+00:00
2026-07-31,put,470.0,0.21,0.22,0.22,0.215,4.0,150727.0,757.72998046875,2026-06-04T18:31:23+00:00
2026-07-31,put,475.0,0.22,0.23,0.26,0.225,1.0,6141.0,757.72998046875,2026-06-04T18:31:23+00:00
2026-07-31,put,480.0,0.24,0.25,0.29,0.245,3.0,922.0,757.72998046875,2026-06-04T18:31:23+00:00
2026-07-31,put,485.0,0.25,0.26,0.26,0.255,7.0,778.0,757.72998046875,2026-06-04T18:31:23+00:00
2026-07-31,put,490.0,0.27,0.28,0.31,0.275,2.0,264.0,757.72998046875,2026-06-04T18:31:23+00:00
2026-07-31,put,495.0,0.28,0.29,0.31,0.28500000000000003,2.0,503.0,757.72998046875,2026-06-04T18:31:23+00:00
2026-07-31,put,500.0,0.29,0.3,0.31,0.295,3.0,2339.0,757.72998046875,2026-06-04T18:31:23+00:00
2026-07-31,put,505.0,0.31,0.32,0.38,0.315,1.0,686.0,757.72998046875,2026-06-04T18:31:23+00:00
2026-07-31,put,510.0,0.33,0.34,0.4,0.335,1.0,310.0,757.72998046875,2026-06-04T18:31:23+00:00
2026-07-31,put,515.0,0.34,0.35,0.35,0.345,2.0,136.0,757.72998046875,2026-06-04T18:31:23+00:00
2026-07-31,put,520.0,0.36,0.37,0.44,0.365,3.0,952.0,757.72998046875,2026-06-04T18:31:23+00:00
2026-07-31,put,525.0,0.38,0.39,0.44,0.385,14.0,1076.0,757.72998046875,2026-06-04T18:31:23+00:00
2026-07-31,put,530.0,0.4,0.41,0.44,0.405,19.0,831.0,757.72998046875,2026-06-04T18:31:23+00:00
2026-07-31,put,535.0,0.43,0.44,0.5,0.435,11.0,596.0,757.72998046875,2026-06-04T18:31:23+00:00
2026-07-31,put,540.0,0.45,0.46,0.47,0.455,4.0,1018.0,757.72998046875,2026-06-04T18:31:23+00:00
2026-07-31,put,545.0,0.48,0.49,0.49,0.485,40.0,331.0,757.72998046875,2026-06-04T18:31:23+00:00
2026-07-31,put,550.0,0.5,0.51,0.52,0.505,32.0,302351.0,757.72998046875,2026-06-04T18:31:23+00:00
2026-07-31,put,555.0,0.53,0.54,0.64,0.535,1.0,504.0,757.72998046875,2026-06-04T18:31:23+00:00
2026-07-31,put,560.0,0.56,0.58,0.67,0.5700000000000001,8.0,407.0,757.72998046875,2026-06-04T18:31:23+00:00
2026-07-31,put,565.0,0.6,0.61,0.64,0.605,60.0,545.0,757.72998046875,2026-06-04T18:31:23+00:00
2026-07-31,put,570.0,0.63,0.64,0.64,0.635,4.0,3878.0,757.72998046875,2026-06-04T18:31:23+00:00
2026-07-31,put,575.0,0.67,0.68,0.71,0.675,20.0,26537.0,757.72998046875,2026-06-04T18:31:23+00:00
2026-07-31,put,580.0,0.71,0.72,0.71,0.715,3.0,888.0,757.72998046875,2026-06-04T18:31:23+00:00
2026-07-31,put,585.0,0.75,0.76,0.91,0.755,3.0,584.0,757.72998046875,2026-06-04T18:31:23+00:00
2026-07-31,put,590.0,0.8,0.81,0.81,0.805,1.0,1074.0,757.72998046875,2026-06-04T18:31:23+00:00
2026-07-31,put,595.0,0.84,0.85,0.88,0.845,7.0,687.0,757.72998046875,2026-06-04T18:31:23+00:00
2026-07-31,put,600.0,0.9,0.91,0.91,0.905,72.0,13207.0,757.72998046875,2026-06-04T18:31:23+00:00
2026-07-31,put,605.0,0.96,0.97,0.98,0.965,4.0,480.0,757.72998046875,2026-06-04T18:31:23+00:00
2026-07-31,put,610.0,1.02,1.03,1.05,1.025,8.0,568.0,757.72998046875,2026-06-04T18:31:23+00:00
2026-07-31,put,615.0,1.08,1.1,1.12,1.09,11.0,586.0,757.72998046875,2026-06-04T18:31:23+00:00
2026-07-31,put,620.0,1.16,1.17,1.26,1.165,10.0,2205.0,757.72998046875,2026-06-04T18:31:23+00:00
2026-07-31,put,621.0,1.17,1.18,1.29,1.1749999999999998,4.0,665.0,757.72998046875,2026-06-04T18:31:23+00:00
2026-07-31,put,622.0,1.19,1.2,1.31,1.1949999999999998,50.0,82.0,757.72998046875,2026-06-04T18:31:23+00:00
2026-07-31,put,623.0,1.2,1.21,1.36,1.205,82.0,247.0,757.72998046875,2026-06-04T18:31:23+00:00
2026-07-31,put,624.0,1.22,1.23,1.48,1.225,20.0,248.0,757.72998046875,2026-06-04T18:31:23+00:00
2026-07-31,put,625.0,1.23,1.25,1.34,1.24,16.0,3194.0,757.72998046875,2026-06-04T18:31:23+00:00
2026-07-31,put,626.0,1.25,1.27,1.28,1.26,33.0,447.0,757.72998046875,2026-06-04T18:31:23+00:00
2026-07-31,put,627.0,1.27,1.28,1.45,1.275,27.0,465.0,757.72998046875,2026-06-04T18:31:23+00:00
2026-07-31,put,628.0,1.28,1.3,1.29,1.29,4.0,84.0,757.72998046875,2026-06-04T18:31:23+00:00
2026-07-31,put,629.0,1.31,1.32,1.58,1.315,20.0,346.0,757.72998046875,2026-06-04T18:31:23+00:00
2026-07-31,put,630.0,1.32,1.33,1.37,1.3250000000000002,34.0,151980.0,757.72998046875,2026-06-04T18:31:23+00:00
2026-07-31,put,631.0,1.34,1.36,1.57,1.35,1.0,424.0,757.72998046875,2026-06-04T18:31:23+00:00
2026-07-31,put,632.0,1.36,1.37,1.78,1.3650000000000002,1.0,205.0,757.72998046875,2026-06-04T18:31:23+00:00
2026-07-31,put,633.0,1.38,1.39,1.45,1.3849999999999998,20.0,322.0,757.72998046875,2026-06-04T18:31:23+00:00
2026-07-31,put,634.0,1.4,1.41,1.43,1.4049999999999998,11.0,748.0,757.72998046875,2026-06-04T18:31:23+00:00
2026-07-31,put,635.0,1.42,1.43,1.45,1.4249999999999998,13.0,632.0,757.72998046875,2026-06-04T18:31:23+00:00
2026-07-31,put,636.0,1.44,1.45,1.47,1.4449999999999998,10.0,244.0,757.72998046875,2026-06-04T18:31:23+00:00
2026-07-31,put,637.0,1.46,1.47,1.49,1.4649999999999999,70.0,613.0,757.72998046875,2026-06-04T18:31:23+00:00
2026-07-31,put,638.0,1.48,1.5,1.52,1.49,10.0,129.0,757.72998046875,2026-06-04T18:31:23+00:00
2026-07-31,put,639.0,1.5,1.52,1.75,1.51,8.0,279.0,757.72998046875,2026-06-04T18:31:23+00:00
2026-07-31,put,640.0,1.52,1.53,1.65,1.525,32.0,1884.0,757.72998046875,2026-06-04T18:31:23+00:00
2026-07-31,put,641.0,1.54,1.56,1.69,1.55,8.0,208.0,757.72998046875,2026-06-04T18:31:23+00:00
2026-07-31,put,642.0,1.57,1.58,1.59,1.5750000000000002,2.0,58.0,757.72998046875,2026-06-04T18:31:23+00:00
2026-07-31,put,643.0,1.59,1.61,1.89,1.6,4.0,69.0,757.72998046875,2026-06-04T18:31:23+00:00
2026-07-31,put,644.0,1.61,1.62,1.88,1.6150000000000002,765.0,1011.0,757.72998046875,2026-06-04T18:31:23+00:00
2026-07-31,put,645.0,1.64,1.65,2.02,1.645,4.0,16308.0,757.72998046875,2026-06-04T18:31:23+00:00
2026-07-31,put,646.0,1.66,1.67,2.06,1.665,25.0,223.0,757.72998046875,2026-06-04T18:31:23+00:00
2026-07-31,put,647.0,1.69,1.71,2.06,1.7,10.0,304.0,757.72998046875,2026-06-04T18:31:23+00:00
2026-07-31,put,648.0,1.71,1.73,1.96,1.72,97.0,590.0,757.72998046875,2026-06-04T18:31:23+00:00
2026-07-31,put,649.0,1.74,1.75,1.78,1.745,23.0,337.0,757.72998046875,2026-06-04T18:31:23+00:00
2026-07-31,put,650.0,1.77,1.78,1.86,1.775,147.0,7383.0,757.72998046875,2026-06-04T18:31:23+00:00
2026-07-31,put,651.0,1.79,1.81,2.0,1.8,66.0,150.0,757.72998046875,2026-06-04T18:31:23+00:00
2026-07-31,put,652.0,1.82,1.83,2.12,1.8250000000000002,5.0,288.0,757.72998046875,2026-06-04T18:31:23+00:00
2026-07-31,put,653.0,1.85,1.86,2.28,1.855,2.0,290.0,757.72998046875,2026-06-04T18:31:23+00:00
2026-07-31,put,654.0,1.88,1.89,2.16,1.8849999999999998,2.0,181.0,757.72998046875,2026-06-04T18:31:23+00:00
2026-07-31,put,655.0,1.91,1.93,2.0,1.92,143.0,1719.0,757.72998046875,2026-06-04T18:31:23+00:00
2026-07-31,put,656.0,1.94,1.95,2.25,1.9449999999999998,1.0,293.0,757.72998046875,2026-06-04T18:31:23+00:00
2026-07-31,put,657.0,1.97,1.99,2.31,1.98,11.0,206.0,757.72998046875,2026-06-04T18:31:23+00:00
2026-07-31,put,658.0,2.0,2.01,2.08,2.005,4.0,128.0,757.72998046875,2026-06-04T18:31:23+00:00
2026-07-31,put,659.0,2.04,2.05,2.16,2.045,1.0,664.0,757.72998046875,2026-06-04T18:31:23+00:00
2026-07-31,put,660.0,2.06,2.08,2.11,2.0700000000000003,93.0,2028.0,757.72998046875,2026-06-04T18:31:23+00:00
2026-07-31,put,661.0,2.1,2.11,2.47,2.105,4.0,287.0,757.72998046875,2026-06-04T18:31:23+00:00
2026-07-31,put,662.0,2.13,2.15,2.47,2.1399999999999997,11.0,68.0,757.72998046875,2026-06-04T18:31:23+00:00
2026-07-31,put,663.0,2.17,2.18,2.43,2.175,2.0,176.0,757.72998046875,2026-06-04T18:31:23+00:00
2026-07-31,put,664.0,2.2,2.22,2.62,2.21,1.0,566.0,757.72998046875,2026-06-04T18:31:23+00:00
2026-07-31,put,665.0,2.24,2.26,2.42,2.25,2.0,2171.0,757.72998046875,2026-06-04T18:31:23+00:00
2026-07-31,put,666.0,2.28,2.29,2.72,2.285,18.0,390.0,757.72998046875,2026-06-04T18:31:23+00:00
2026-07-31,put,667.0,2.31,2.33,2.5,2.3200000000000003,2.0,287.0,757.72998046875,2026-06-04T18:31:23+00:00
2026-07-31,put,668.0,2.35,2.37,2.51,2.3600000000000003,3.0,319.0,757.72998046875,2026-06-04T18:31:23+00:00
2026-07-31,put,669.0,2.39,2.42,2.55,2.4050000000000002,2.0,235.0,757.72998046875,2026-06-04T18:31:23+00:00
2026-07-31,put,670.0,2.44,2.46,2.53,2.45,83.0,3746.0,757.72998046875,2026-06-04T18:31:23+00:00
2026-07-31,put,671.0,2.49,2.5,2.56,2.495,1.0,455.0,757.72998046875,2026-06-04T18:31:23+00:00
2026-07-31,put,672.0,2.53,2.54,2.75,2.535,1.0,374.0,757.72998046875,2026-06-04T18:31:23+00:00
2026-07-31,put,673.0,2.57,2.58,2.8,2.575,26.0,160.0,757.72998046875,2026-06-04T18:31:23+00:00
2026-07-31,put,674.0,2.61,2.64,3.33,2.625,1.0,316.0,757.72998046875,2026-06-04T18:31:23+00:00
2026-07-31,put,675.0,2.66,2.68,2.76,2.67,249.0,8470.0,757.72998046875,2026-06-04T18:31:23+00:00
2026-07-31,put,676.0,2.71,2.73,3.01,2.7199999999999998,2.0,345.0,757.72998046875,2026-06-04T18:31:23+00:00
2026-07-31,put,677.0,2.76,2.78,2.9,2.7699999999999996,2.0,177.0,757.72998046875,2026-06-04T18:31:23+00:00
2026-07-31,put,678.0,2.81,2.82,2.82,2.815,20.0,281.0,757.72998046875,2026-06-04T18:31:23+00:00
2026-07-31,put,679.0,2.85,2.87,3.63,2.8600000000000003,1.0,257.0,757.72998046875,2026-06-04T18:31:23+00:00
2026-07-31,put,680.0,2.92,2.94,2.95,2.9299999999999997,151.0,7005.0,757.72998046875,2026-06-04T18:31:23+00:00
2026-07-31,put,681.0,2.96,2.98,3.04,2.9699999999999998,2.0,20125.0,757.72998046875,2026-06-04T18:31:23+00:00
2026-07-31,put,682.0,3.02,3.04,3.08,3.0300000000000002,5.0,18152.0,757.72998046875,2026-06-04T18:31:23+00:00
2026-07-31,put,683.0,3.07,3.1,3.17,3.085,10.0,240.0,757.72998046875,2026-06-04T18:31:23+00:00
2026-07-31,put,684.0,3.13,3.15,3.56,3.1399999999999997,1.0,388.0,757.72998046875,2026-06-04T18:31:23+00:00
2026-07-31,put,685.0,3.18,3.21,3.24,3.1950000000000003,6.0,1617.0,757.72998046875,2026-06-04T18:31:23+00:00
2026-07-31,put,686.0,3.23,3.26,3.66,3.245,3.0,356.0,757.72998046875,2026-06-04T18:31:23+00:00
2026-07-31,put,687.0,3.31,3.33,3.36,3.3200000000000003,3.0,1424.0,757.72998046875,2026-06-04T18:31:23+00:00
2026-07-31,put,688.0,3.37,3.4,3.42,3.385,2.0,400.0,757.72998046875,2026-06-04T18:31:23+00:00
2026-07-31,put,689.0,3.43,3.45,3.5,3.4400000000000004,1.0,414.0,757.72998046875,2026-06-04T18:31:23+00:00
2026-07-31,put,690.0,3.5,3.53,3.56,3.5149999999999997,82.0,2722.0,757.72998046875,2026-06-04T18:31:23+00:00
2026-07-31,put,691.0,3.57,3.59,3.84,3.58,1.0,789.0,757.72998046875,2026-06-04T18:31:23+00:00
2026-07-31,put,692.0,3.63,3.66,3.65,3.645,17.0,220.0,757.72998046875,2026-06-04T18:31:23+00:00
2026-07-31,put,693.0,3.71,3.73,3.84,3.7199999999999998,2.0,326.0,757.72998046875,2026-06-04T18:31:23+00:00
2026-07-31,put,694.0,3.78,3.81,3.93,3.795,2.0,393.0,757.72998046875,2026-06-04T18:31:23+00:00
2026-07-31,put,695.0,3.86,3.88,3.95,3.87,70.0,1013.0,757.72998046875,2026-06-04T18:31:23+00:00
2026-07-31,put,696.0,3.93,3.95,4.56,3.9400000000000004,14.0,346.0,757.72998046875,2026-06-04T18:31:23+00:00
2026-07-31,put,697.0,4.01,4.03,4.76,4.02,14.0,680.0,757.72998046875,2026-06-04T18:31:23+00:00
2026-07-31,put,698.0,4.09,4.11,4.79,4.1,9.0,293.0,757.72998046875,2026-06-04T18:31:23+00:00
2026-07-31,put,699.0,4.18,4.19,4.26,4.1850000000000005,3.0,444.0,757.72998046875,2026-06-04T18:31:23+00:00
2026-07-31,put,700.0,4.25,4.28,4.3,4.265000000000001,537.0,5285.0,757.72998046875,2026-06-04T18:31:23+00:00
2026-07-31,put,701.0,4.34,4.37,4.96,4.355,4.0,604.0,757.72998046875,2026-06-04T18:31:23+00:00
2026-07-31,put,702.0,4.43,4.46,4.56,4.445,1.0,991.0,757.72998046875,2026-06-04T18:31:23+00:00
2026-07-31,put,703.0,4.51,4.54,4.69,4.525,6.0,10243.0,757.72998046875,2026-06-04T18:31:23+00:00
2026-07-31,put,704.0,4.6,4.62,5.48,4.609999999999999,1.0,678.0,757.72998046875,2026-06-04T18:31:23+00:00
2026-07-31,put,705.0,4.7,4.72,4.89,4.71,47.0,762.0,757.72998046875,2026-06-04T18:31:23+00:00
2026-07-31,put,706.0,4.8,4.83,5.04,4.8149999999999995,3.0,299.0,757.72998046875,2026-06-04T18:31:23+00:00
2026-07-31,put,707.0,4.9,4.92,4.97,4.91,65.0,540.0,757.72998046875,2026-06-04T18:31:23+00:00
2026-07-31,put,708.0,5.0,5.03,5.57,5.015000000000001,20.0,340.0,757.72998046875,2026-06-04T18:31:23+00:00
2026-07-31,put,709.0,5.11,5.13,5.76,5.12,93.0,293.0,757.72998046875,2026-06-04T18:31:23+00:00
2026-07-31,put,710.0,5.21,5.24,5.38,5.225,179.0,7454.0,757.72998046875,2026-06-04T18:31:23+00:00
2026-07-31,put,711.0,5.33,5.35,6.41,5.34,72.0,434.0,757.72998046875,2026-06-04T18:31:23+00:00
2026-07-31,put,712.0,5.44,5.46,5.73,5.45,9.0,358.0,757.72998046875,2026-06-04T18:31:23+00:00
2026-07-31,put,713.0,5.56,5.58,6.39,5.57,17.0,342.0,757.72998046875,2026-06-04T18:31:23+00:00
2026-07-31,put,714.0,5.67,5.7,5.89,5.6850000000000005,4.0,728.0,757.72998046875,2026-06-04T18:31:23+00:00
2026-07-31,put,715.0,5.79,5.82,5.84,5.805,18.0,769.0,757.72998046875,2026-06-04T18:31:23+00:00
2026-07-31,put,716.0,5.92,5.94,5.94,5.93,5.0,457.0,757.72998046875,2026-06-04T18:31:23+00:00
2026-07-31,put,717.0,6.05,6.08,6.27,6.0649999999999995,3.0,699.0,757.72998046875,2026-06-04T18:31:23+00:00
2026-07-31,put,718.0,6.19,6.21,6.96,6.2,2.0,251.0,757.72998046875,2026-06-04T18:31:23+00:00
2026-07-31,put,719.0,6.31,6.34,6.98,6.324999999999999,2.0,342.0,757.72998046875,2026-06-04T18:31:23+00:00
2026-07-31,put,720.0,6.45,6.48,6.52,6.465,191.0,3829.0,757.72998046875,2026-06-04T18:31:23+00:00
2026-07-31,put,721.0,6.59,6.62,7.08,6.605,5.0,780.0,757.72998046875,2026-06-04T18:31:23+00:00
2026-07-31,put,722.0,6.74,6.77,7.23,6.755,22.0,447.0,757.72998046875,2026-06-04T18:31:23+00:00
2026-07-31,put,725.0,7.16,7.2,7.22,7.18,107.0,738.0,757.72998046875,2026-06-04T18:31:23+00:00
2026-07-31,put,726.0,7.36,7.39,7.48,7.375,28.0,144.0,757.72998046875,2026-06-04T18:31:23+00:00
2026-07-31,put,727.0,7.49,7.52,8.71,7.505,7.0,268.0,757.72998046875,2026-06-04T18:31:23+00:00
2026-07-31,put,728.0,7.68,7.71,8.28,7.695,17.0,135.0,757.72998046875,2026-06-04T18:31:23+00:00
2026-07-31,put,729.0,7.86,7.89,8.12,7.875,17.0,271.0,757.72998046875,2026-06-04T18:31:23+00:00
2026-07-31,put,730.0,8.05,8.08,8.06,8.065000000000001,57.0,1490.0,757.72998046875,2026-06-04T18:31:23+00:00
2026-07-31,put,731.0,8.2,8.23,8.82,8.215,11.0,182.0,757.72998046875,2026-06-04T18:31:23+00:00
2026-07-31,put,732.0,8.42,8.45,8.76,8.434999999999999,3.0,163.0,757.72998046875,2026-06-04T18:31:23+00:00
2026-07-31,put,733.0,8.62,8.65,8.97,8.635,81.0,313.0,757.72998046875,2026-06-04T18:31:23+00:00
2026-07-31,put,734.0,8.8,8.84,9.07,8.82,11.0,245.0,757.72998046875,2026-06-04T18:31:23+00:00
2026-07-31,put,735.0,9.02,9.05,9.0,9.035,41.0,1595.0,757.72998046875,2026-06-04T18:31:23+00:00
2026-07-31,put,736.0,9.23,9.27,10.13,9.25,6.0,682.0,757.72998046875,2026-06-04T18:31:23+00:00
2026-07-31,put,737.0,9.45,9.48,9.51,9.465,28.0,623.0,757.72998046875,2026-06-04T18:31:23+00:00
2026-07-31,put,738.0,9.67,9.71,9.9,9.690000000000001,34.0,357.0,757.72998046875,2026-06-04T18:31:23+00:00
2026-07-31,put,739.0,9.89,9.93,10.37,9.91,23.0,413.0,757.72998046875,2026-06-04T18:31:23+00:00
2026-07-31,put,740.0,10.13,10.17,10.24,10.15,315.0,1783.0,757.72998046875,2026-06-04T18:31:23+00:00
2026-07-31,put,741.0,10.33,10.37,10.76,10.35,13.0,337.0,757.72998046875,2026-06-04T18:31:23+00:00
2026-07-31,put,742.0,10.62,10.65,10.83,10.635,22.0,522.0,757.72998046875,2026-06-04T18:31:23+00:00
2026-07-31,put,743.0,10.88,10.91,11.05,10.895,3.0,509.0,757.72998046875,2026-06-04T18:31:23+00:00
2026-07-31,put,744.0,11.15,11.19,12.42,11.17,3.0,213.0,757.72998046875,2026-06-04T18:31:23+00:00
2026-07-31,put,745.0,11.41,11.44,11.56,11.425,43.0,4293.0,757.72998046875,2026-06-04T18:31:23+00:00
2026-07-31,put,746.0,11.68,11.72,12.8,11.7,1.0,276.0,757.72998046875,2026-06-04T18:31:23+00:00
2026-07-31,put,747.0,11.98,12.02,12.8,12.0,8.0,538.0,757.72998046875,2026-06-04T18:31:23+00:00
2026-07-31,put,748.0,12.28,12.32,12.94,12.3,28.0,520.0,757.72998046875,2026-06-04T18:31:23+00:00
2026-07-31,put,749.0,12.59,12.62,12.66,12.605,38.0,908.0,757.72998046875,2026-06-04T18:31:23+00:00
2026-07-31,put,750.0,12.86,12.9,12.9,12.879999999999999,355.0,1989.0,757.72998046875,2026-06-04T18:31:23+00:00
2026-07-31,put,751.0,13.19,13.23,13.51,13.21,313.0,543.0,757.72998046875,2026-06-04T18:31:23+00:00
2026-07-31,put,752.0,13.53,13.57,13.6,13.55,215.0,678.0,757.72998046875,2026-06-04T18:31:23+00:00
2026-07-31,put,753.0,13.87,13.91,14.23,13.89,272.0,282.0,757.72998046875,2026-06-04T18:31:23+00:00
2026-07-31,put,754.0,14.24,14.28,14.76,14.26,93.0,705.0,757.72998046875,2026-06-04T18:31:23+00:00
2026-07-31,put,755.0,14.59,14.63,14.59,14.61,132.0,1539.0,757.72998046875,2026-06-04T18:31:23+00:00
2026-07-31,put,756.0,14.94,14.99,15.0,14.965,64.0,1365.0,757.72998046875,2026-06-04T18:31:23+00:00
2026-07-31,put,757.0,15.35,15.39,15.52,15.370000000000001,80.0,298.0,757.72998046875,2026-06-04T18:31:23+00:00
2026-07-31,put,758.0,15.66,15.71,15.8,15.685,22.0,296.0,757.72998046875,2026-06-04T18:31:23+00:00
2026-07-31,put,759.0,16.1,16.15,16.54,16.125,9.0,176.0,757.72998046875,2026-06-04T18:31:23+00:00
2026-07-31,put,760.0,16.53,16.58,16.65,16.555,1228.0,979.0,757.72998046875,2026-06-04T18:31:23+00:00
2026-07-31,put,761.0,16.94,16.98,17.21,16.96,1.0,75.0,757.72998046875,2026-06-04T18:31:23+00:00
2026-07-31,put,762.0,17.37,17.42,19.6,17.395000000000003,43.0,65.0,757.72998046875,2026-06-04T18:31:23+00:00
2026-07-31,put,763.0,17.82,17.87,20.04,17.845,3.0,9.0,757.72998046875,2026-06-04T18:31:23+00:00
2026-07-31,put,764.0,18.28,18.33,18.81,18.305,12.0,78.0,757.72998046875,2026-06-04T18:31:23+00:00
2026-07-31,put,765.0,18.79,18.84,19.23,18.814999999999998,12.0,86.0,757.72998046875,2026-06-04T18:31:23+00:00
2026-07-31,put,766.0,19.26,19.31,21.99,19.285,1.0,23.0,757.72998046875,2026-06-04T18:31:23+00:00
2026-07-31,put,767.0,19.71,19.85,19.48,19.78,1.0,30.0,757.72998046875,2026-06-04T18:31:23+00:00
2026-07-31,put,768.0,20.2,20.41,19.98,20.305,2.0,3.0,757.72998046875,2026-06-04T18:31:23+00:00
2026-07-31,put,769.0,20.73,20.89,41.34,20.810000000000002,2.0,2.0,757.72998046875,2026-06-04T18:31:23+00:00
2026-07-31,put,770.0,21.33,21.45,22.79,21.39,2.0,751.0,757.72998046875,2026-06-04T18:31:23+00:00
2026-07-31,put,771.0,21.86,23.26,24.55,22.560000000000002,1.0,1.0,757.72998046875,2026-06-04T18:31:23+00:00
2026-07-31,put,772.0,22.41,22.57,29.06,22.490000000000002,,2.0,757.72998046875,2026-06-04T18:31:23+00:00
2026-07-31,put,773.0,22.98,23.14,24.18,23.060000000000002,162.0,163.0,757.72998046875,2026-06-04T18:31:23+00:00
2026-07-31,put,774.0,23.55,23.78,24.38,23.665,1.0,12.0,757.72998046875,2026-06-04T18:31:23+00:00
2026-07-31,put,775.0,24.17,24.38,25.05,24.275,1.0,26.0,757.72998046875,2026-06-04T18:31:23+00:00
2026-07-31,put,779.0,26.71,28.41,26.24,27.560000000000002,1.0,2.0,757.72998046875,2026-06-04T18:31:23+00:00
2026-07-31,put,780.0,27.4,27.61,28.09,27.505,1.0,854.0,757.72998046875,2026-06-04T18:31:23+00:00
2026-07-31,put,782.0,28.8,30.24,29.93,29.52,3.0,1.0,757.72998046875,2026-06-04T18:31:23+00:00
2026-07-31,put,783.0,29.46,31.33,29.57,30.395,1.0,1.0,757.72998046875,2026-06-04T18:31:23+00:00
2026-07-31,put,784.0,30.22,31.78,31.0,31.0,30.0,89.0,757.72998046875,2026-06-04T18:31:23+00:00
2026-07-31,put,785.0,31.01,31.25,31.72,31.130000000000003,1.0,665.0,757.72998046875,2026-06-04T18:31:23+00:00
2026-07-31,put,790.0,34.83,36.4,36.56,35.614999999999995,1.0,74.0,757.72998046875,2026-06-04T18:31:23+00:00
2026-07-31,put,795.0,38.98,40.96,84.44,39.97,1.0,0.0,757.72998046875,2026-06-04T18:31:23+00:00
2026-07-31,put,800.0,42.65,45.08,45.1,43.864999999999995,3.0,3.0,757.72998046875,2026-06-04T18:31:23+00:00
2026-07-31,put,825.0,66.7,69.39,68.5,68.045,2.0,0.0,757.72998046875,2026-06-04T18:31:23+00:00
2026-08-31,call,420.0,320.06,323.5,283.7,321.78,,4.0,757.72998046875,2026-06-04T18:31:23+00:00
2026-08-31,call,440.0,319.03,322.27,314.38,320.65,,1.0,757.72998046875,2026-06-04T18:31:23+00:00
2026-08-31,call,460.0,299.45,302.86,296.57,301.155,,1.0,757.72998046875,2026-06-04T18:31:23+00:00
2026-08-31,call,485.0,274.78,277.89,278.5,276.335,10.0,11.0,757.72998046875,2026-06-04T18:31:23+00:00
2026-08-31,call,495.0,264.85,268.04,260.2,266.44500000000005,1.0,2.0,757.72998046875,2026-06-04T18:31:23+00:00
2026-08-31,call,500.0,216.82,220.03,170.16,218.425,1.0,4.0,757.72998046875,2026-06-04T18:31:23+00:00
2026-08-31,call,505.0,255.19,258.61,249.55,256.9,6.0,1.0,757.72998046875,2026-06-04T18:31:23+00:00
2026-08-31,call,515.0,245.4,248.56,209.34,246.98000000000002,8.0,0.0,757.72998046875,2026-06-04T18:31:23+00:00
2026-08-31,call,520.0,240.37,243.52,235.8,241.945,4.0,6.0,757.72998046875,2026-06-04T18:31:23+00:00
2026-08-31,call,525.0,235.46,238.63,221.2,237.04500000000002,25.0,1.0,757.72998046875,2026-06-04T18:31:23+00:00
2026-08-31,call,530.0,230.68,233.84,189.1,232.26,,0.0,757.72998046875,2026-06-04T18:31:23+00:00
2026-08-31,call,535.0,225.73,228.84,223.3,227.285,38.0,40.0,757.72998046875,2026-06-04T18:31:23+00:00
2026-08-31,call,540.0,220.88,224.34,202.98,222.61,1.0,18.0,757.72998046875,2026-06-04T18:31:23+00:00
2026-08-31,call,545.0,215.93,219.17,210.1,217.55,2.0,2413.0,757.72998046875,2026-06-04T18:31:23+00:00
2026-08-31,call,550.0,211.08,214.25,205.69,212.66500000000002,9.0,1172.0,757.72998046875,2026-06-04T18:31:23+00:00
2026-08-31,call,555.0,206.17,209.35,209.86,207.76,2.0,840.0,757.72998046875,2026-06-04T18:31:23+00:00
2026-08-31,call,560.0,201.18,204.45,172.69,202.815,1.0,1727.0,757.72998046875,2026-06-04T18:31:23+00:00
2026-08-31,call,565.0,196.3,199.58,167.9,197.94,1.0,1352.0,757.72998046875,2026-06-04T18:31:23+00:00
2026-08-31,call,570.0,191.45,194.69,191.4,193.07,2.0,408.0,757.72998046875,2026-06-04T18:31:23+00:00
2026-08-31,call,575.0,186.54,189.82,187.31,188.18,3.0,78.0,757.72998046875,2026-06-04T18:31:23+00:00
2026-08-31,call,580.0,181.67,184.95,180.78,183.31,1.0,193.0,757.72998046875,2026-06-04T18:31:23+00:00
2026-08-31,call,585.0,176.88,180.14,165.47,178.51,1.0,333.0,757.72998046875,2026-06-04T18:31:23+00:00
2026-08-31,call,590.0,172.06,175.34,174.97,173.7,2.0,1132.0,757.72998046875,2026-06-04T18:31:23+00:00
2026-08-31,call,595.0,167.21,170.5,169.1,168.85500000000002,1.0,2134.0,757.72998046875,2026-06-04T18:31:23+00:00
2026-08-31,call,600.0,162.36,165.69,161.91,164.025,20.0,2084.0,757.72998046875,2026-06-04T18:31:23+00:00
2026-08-31,call,605.0,157.53,160.78,157.07,159.155,20.0,364.0,757.72998046875,2026-06-04T18:31:23+00:00
2026-08-31,call,610.0,152.69,155.95,135.56,154.32,19.0,433.0,757.72998046875,2026-06-04T18:31:23+00:00
2026-08-31,call,615.0,147.8,151.22,109.79,149.51,2.0,11.0,757.72998046875,2026-06-04T18:31:23+00:00
2026-08-31,call,618.0,144.98,148.34,107.18,146.66,2.0,4.0,757.72998046875,2026-06-04T18:31:23+00:00
2026-08-31,call,619.0,127.47,130.94,86.44,129.20499999999998,1.0,1.0,757.72998046875,2026-06-04T18:31:23+00:00
2026-08-31,call,620.0,143.04,146.42,131.87,144.73,5.0,3.0,757.72998046875,2026-06-04T18:31:23+00:00
2026-08-31,call,621.0,141.89,145.36,131.7,143.625,1.0,1.0,757.72998046875,2026-06-04T18:31:23+00:00
2026-08-31,call,622.0,124.68,128.15,75.2,126.415,1.0,2.0,757.72998046875,2026-06-04T18:31:23+00:00
2026-08-31,call,624.0,0.0,0.0,87.68,0.0,,0.0,757.72998046875,2026-06-04T18:31:23+00:00
2026-08-31,call,625.0,138.19,141.68,119.43,139.935,1.0,25.0,757.72998046875,2026-06-04T18:31:23+00:00
2026-08-31,call,626.0,137.3,140.69,100.01,138.995,2.0,9.0,757.72998046875,2026-06-04T18:31:23+00:00
2026-08-31,call,628.0,135.32,138.78,98.91,137.05,2.0,2.0,757.72998046875,2026-06-04T18:31:23+00:00
2026-08-31,call,629.0,134.32,137.82,98.07,136.07,2.0,2.0,757.72998046875,2026-06-04T18:31:23+00:00
2026-08-31,call,630.0,133.36,136.87,137.22,135.115,2.0,6.0,757.72998046875,2026-06-04T18:31:23+00:00
2026-08-31,call,632.0,0.0,0.0,46.25,0.0,12.0,0.0,757.72998046875,2026-06-04T18:31:23+00:00
2026-08-31,call,633.0,130.54,134.03,103.99,132.285,1.0,11.0,757.72998046875,2026-06-04T18:31:23+00:00
2026-08-31,call,634.0,129.6,132.99,129.28,131.29500000000002,6.0,0.0,757.72998046875,2026-06-04T18:31:23+00:00
2026-08-31,call,635.0,128.6,131.82,128.34,130.20999999999998,6.0,34.0,757.72998046875,2026-06-04T18:31:23+00:00
2026-08-31,call,636.0,127.67,130.87,127.14,129.27,6.0,2.0,757.72998046875,2026-06-04T18:31:23+00:00
2026-08-31,call,637.0,126.74,129.92,125.73,128.32999999999998,10.0,3.0,757.72998046875,2026-06-04T18:31:23+00:00
2026-08-31,call,638.0,125.79,128.97,125.33,127.38,4.0,8.0,757.72998046875,2026-06-04T18:31:23+00:00
2026-08-31,call,639.0,124.84,128.02,124.39,126.43,4.0,27.0,757.72998046875,2026-06-04T18:31:23+00:00
2026-08-31,call,640.0,125.41,127.36,123.04,126.38499999999999,317.0,2241.0,757.72998046875,2026-06-04T18:31:23+00:00
2026-08-31,call,641.0,124.51,126.49,122.05,125.5,337.0,1501.0,757.72998046875,2026-06-04T18:31:23+00:00
2026-08-31,call,642.0,123.49,125.17,121.11,124.33,367.0,1363.0,757.72998046875,2026-06-04T18:31:23+00:00
2026-08-31,call,643.0,122.57,124.22,120.51,123.395,386.0,1386.0,757.72998046875,2026-06-04T18:31:23+00:00
2026-08-31,call,644.0,121.62,123.58,119.12,122.6,89.0,1115.0,757.72998046875,2026-06-04T18:31:23+00:00
2026-08-31,call,645.0,120.67,122.62,118.29,121.64500000000001,89.0,1014.0,757.72998046875,2026-06-04T18:31:23+00:00
2026-08-31,call,646.0,119.74,121.75,117.36,120.745,87.0,515.0,757.72998046875,2026-06-04T18:31:23+00:00
2026-08-31,call,647.0,117.24,120.44,116.41,118.84,18.0,13.0,757.72998046875,2026-06-04T18:31:23+00:00
2026-08-31,call,648.0,117.8,119.78,115.89,118.78999999999999,287.0,584.0,757.72998046875,2026-06-04T18:31:23+00:00
2026-08-31,call,649.0,115.47,118.85,115.55,117.16,205.0,474.0,757.72998046875,2026-06-04T18:31:23+00:00
2026-08-31,call,650.0,115.92,117.9,113.91,116.91,300.0,687.0,757.72998046875,2026-06-04T18:31:23+00:00
2026-08-31,call,651.0,114.96,116.66,112.66,115.81,168.0,230.0,757.72998046875,2026-06-04T18:31:23+00:00
2026-08-31,call,652.0,114.02,115.72,111.59,114.87,79.0,228.0,757.72998046875,2026-06-04T18:31:23+00:00
2026-08-31,call,653.0,113.11,114.78,110.87,113.945,105.0,195.0,757.72998046875,2026-06-04T18:31:23+00:00
2026-08-31,call,654.0,112.17,113.84,110.26,113.005,39.0,125.0,757.72998046875,2026-06-04T18:31:23+00:00
2026-08-31,call,655.0,111.19,112.91,109.02,112.05,18.0,178.0,757.72998046875,2026-06-04T18:31:23+00:00
2026-08-31,call,656.0,108.88,111.57,112.17,110.225,2.0,12.0,757.72998046875,2026-06-04T18:31:23+00:00
2026-08-31,call,657.0,107.93,110.67,108.38,109.30000000000001,1.0,82.0,757.72998046875,2026-06-04T18:31:23+00:00
2026-08-31,call,658.0,91.75,95.25,48.44,93.5,1.0,43.0,757.72998046875,2026-06-04T18:31:23+00:00
2026-08-31,call,659.0,90.86,94.36,47.25,92.61,7.0,4.0,757.72998046875,2026-06-04T18:31:23+00:00
2026-08-31,call,660.0,106.5,108.1,103.99,107.3,6.0,1045.0,757.72998046875,2026-06-04T18:31:23+00:00
2026-08-31,call,661.0,104.11,106.96,91.75,105.535,682.0,60.0,757.72998046875,2026-06-04T18:31:23+00:00
2026-08-31,call,662.0,103.2,106.03,66.95,104.61500000000001,1.0,4.0,757.72998046875,2026-06-04T18:31:23+00:00
2026-08-31,call,663.0,102.17,105.12,90.83,103.64500000000001,1.0,23.0,757.72998046875,2026-06-04T18:31:23+00:00
2026-08-31,call,664.0,101.24,104.21,60.95,102.725,1.0,59.0,757.72998046875,2026-06-04T18:31:23+00:00
2026-08-31,call,665.0,100.4,103.3,101.21,101.85,5.0,108.0,757.72998046875,2026-06-04T18:31:23+00:00
2026-08-31,call,666.0,85.06,88.16,57.35,86.61,4.0,3.0,757.72998046875,2026-06-04T18:31:23+00:00
2026-08-31,call,667.0,98.5,101.39,95.37,99.945,1.0,10.0,757.72998046875,2026-06-04T18:31:23+00:00
2026-08-31,call,668.0,97.59,100.56,98.94,99.075,6.0,208.0,757.72998046875,2026-06-04T18:31:23+00:00
2026-08-31,call,669.0,96.67,99.66,98.02,98.16499999999999,6.0,115.0,757.72998046875,2026-06-04T18:31:23+00:00
2026-08-31,call,670.0,97.2,98.83,93.82,98.015,7.0,2252.0,757.72998046875,2026-06-04T18:31:23+00:00
2026-08-31,call,671.0,94.82,97.79,96.18,96.305,6.0,65.0,757.72998046875,2026-06-04T18:31:23+00:00
2026-08-31,call,672.0,93.99,96.78,74.35,95.38499999999999,3.0,24.0,757.72998046875,2026-06-04T18:31:23+00:00
2026-08-31,call,673.0,92.97,95.99,93.18,94.47999999999999,1.0,18.0,757.72998046875,2026-06-04T18:31:23+00:00
2026-08-31,call,674.0,92.05,94.5,79.61,93.275,1.0,25.0,757.72998046875,2026-06-04T18:31:23+00:00
2026-08-31,call,675.0,91.14,94.04,89.87,92.59,5.0,224.0,757.72998046875,2026-06-04T18:31:23+00:00
2026-08-31,call,676.0,90.15,92.59,88.11,91.37,4.0,97.0,757.72998046875,2026-06-04T18:31:23+00:00
2026-08-31,call,677.0,89.3,91.25,87.73,90.275,25.0,422.0,757.72998046875,2026-06-04T18:31:23+00:00
2026-08-31,call,678.0,88.37,90.33,83.79,89.35,2.0,254.0,757.72998046875,2026-06-04T18:31:23+00:00
2026-08-31,call,679.0,87.46,89.5,84.79,88.47999999999999,2.0,326.0,757.72998046875,2026-06-04T18:31:23+00:00
2026-08-31,call,680.0,86.5,88.51,89.29,87.505,1.0,850.0,757.72998046875,2026-06-04T18:31:23+00:00
2026-08-31,call,681.0,85.74,87.71,81.07,86.725,25.0,234.0,757.72998046875,2026-06-04T18:31:23+00:00
2026-08-31,call,682.0,86.33,86.73,88.75,86.53,6.0,110.0,757.72998046875,2026-06-04T18:31:23+00:00
2026-08-31,call,683.0,83.78,85.75,83.15,84.765,4.0,408.0,757.72998046875,2026-06-04T18:31:23+00:00
2026-08-31,call,684.0,82.92,84.92,50.0,83.92,2.0,20.0,757.72998046875,2026-06-04T18:31:23+00:00
2026-08-31,call,685.0,82.08,83.96,80.4,83.02,4.0,558.0,757.72998046875,2026-06-04T18:31:23+00:00
2026-08-31,call,686.0,81.08,83.07,50.75,82.07499999999999,3.0,86.0,757.72998046875,2026-06-04T18:31:23+00:00
2026-08-31,call,687.0,80.2,82.15,47.93,81.17500000000001,10.0,37.0,757.72998046875,2026-06-04T18:31:23+00:00
2026-08-31,call,688.0,79.47,81.33,78.64,80.4,4.0,32.0,757.72998046875,2026-06-04T18:31:23+00:00
2026-08-31,call,689.0,78.5,80.44,80.7,79.47,1.0,29.0,757.72998046875,2026-06-04T18:31:23+00:00
2026-08-31,call,690.0,77.7,79.45,82.46,78.575,4.0,1608.0,757.72998046875,2026-06-04T18:31:23+00:00
2026-08-31,call,691.0,76.61,78.58,60.78,77.595,1.0,35.0,757.72998046875,2026-06-04T18:31:23+00:00
2026-08-31,call,692.0,75.7,77.65,65.92,76.67500000000001,32.0,74.0,757.72998046875,2026-06-04T18:31:23+00:00
2026-08-31,call,693.0,75.04,76.79,71.34,75.915,1.0,131.0,757.72998046875,2026-06-04T18:31:23+00:00
2026-08-31,call,694.0,74.03,75.99,74.13,75.00999999999999,2.0,46.0,757.72998046875,2026-06-04T18:31:23+00:00
2026-08-31,call,695.0,73.04,75.01,76.45,74.025,14.0,228.0,757.72998046875,2026-06-04T18:31:23+00:00
2026-08-31,call,696.0,72.13,74.11,73.68,73.12,3.0,82.0,757.72998046875,2026-06-04T18:31:23+00:00
2026-08-31,call,697.0,71.36,73.23,71.41,72.295,5.0,75.0,757.72998046875,2026-06-04T18:31:23+00:00
2026-08-31,call,698.0,70.38,72.32,54.32,71.35,1.0,21.0,757.72998046875,2026-06-04T18:31:23+00:00
2026-08-31,call,699.0,69.62,71.38,61.59,70.5,2.0,13.0,757.72998046875,2026-06-04T18:31:23+00:00
2026-08-31,call,700.0,68.96,70.56,66.3,69.75999999999999,1.0,3167.0,757.72998046875,2026-06-04T18:31:23+00:00
2026-08-31,call,701.0,67.74,69.7,65.73,68.72,2.0,191.0,757.72998046875,2026-06-04T18:31:23+00:00
2026-08-31,call,702.0,66.98,68.83,70.24,67.905,2.0,129.0,757.72998046875,2026-06-04T18:31:23+00:00
2026-08-31,call,703.0,66.09,68.04,55.08,67.065,2.0,155.0,757.72998046875,2026-06-04T18:31:23+00:00
2026-08-31,call,704.0,65.17,67.11,62.87,66.14,1.0,42.0,757.72998046875,2026-06-04T18:31:23+00:00
2026-08-31,call,705.0,64.23,66.22,65.18,65.225,2.0,248.0,757.72998046875,2026-06-04T18:31:23+00:00
2026-08-31,call,706.0,63.38,65.34,49.22,64.36,1.0,90.0,757.72998046875,2026-06-04T18:31:23+00:00
2026-08-31,call,707.0,62.47,64.46,62.98,63.464999999999996,1.0,156.0,757.72998046875,2026-06-04T18:31:23+00:00
2026-08-31,call,708.0,61.78,63.67,63.73,62.725,8.0,121.0,757.72998046875,2026-06-04T18:31:23+00:00
2026-08-31,call,709.0,60.8,62.74,46.65,61.769999999999996,1.0,445.0,757.72998046875,2026-06-04T18:31:23+00:00
2026-08-31,call,710.0,60.14,61.89,59.94,61.015,4.0,914.0,757.72998046875,2026-06-04T18:31:23+00:00
2026-08-31,call,711.0,59.29,61.02,62.66,60.155,2.0,519.0,757.72998046875,2026-06-04T18:31:23+00:00
2026-08-31,call,712.0,58.23,60.23,59.0,59.23,1.0,174.0,757.72998046875,2026-06-04T18:31:23+00:00
2026-08-31,call,713.0,57.41,59.34,54.89,58.375,1.0,153.0,757.72998046875,2026-06-04T18:31:23+00:00
2026-08-31,call,714.0,56.52,58.53,43.41,57.525000000000006,1.0,773.0,757.72998046875,2026-06-04T18:31:23+00:00
2026-08-31,call,715.0,57.32,57.65,54.1,57.485,5.0,157.0,757.72998046875,2026-06-04T18:31:23+00:00
2026-08-31,call,716.0,54.86,56.8,54.93,55.83,2.0,647.0,757.72998046875,2026-06-04T18:31:23+00:00
2026-08-31,call,717.0,54.02,55.95,55.66,54.985,25.0,29.0,757.72998046875,2026-06-04T18:31:23+00:00
2026-08-31,call,718.0,53.67,55.1,56.52,54.385000000000005,32.0,52.0,757.72998046875,2026-06-04T18:31:23+00:00
2026-08-31,call,719.0,52.32,54.27,39.51,53.295,3.0,86.0,757.72998046875,2026-06-04T18:31:23+00:00
2026-08-31,call,720.0,51.86,53.48,52.73,52.67,3.0,992.0,757.72998046875,2026-06-04T18:31:23+00:00
2026-08-31,call,722.0,49.87,51.81,48.25,50.84,,1.0,757.72998046875,2026-06-04T18:31:23+00:00
2026-08-31,call,723.0,49.04,51.03,51.95,50.035,2.0,1.0,757.72998046875,2026-06-04T18:31:23+00:00
2026-08-31,call,725.0,47.82,49.34,48.29,48.58,5.0,2092.0,757.72998046875,2026-06-04T18:31:23+00:00
2026-08-31,call,727.0,45.83,47.74,45.84,46.785,,3.0,757.72998046875,2026-06-04T18:31:23+00:00
2026-08-31,call,728.0,46.63,46.95,44.3,46.790000000000006,13.0,16.0,757.72998046875,2026-06-04T18:31:23+00:00
2026-08-31,call,730.0,44.03,45.33,42.79,44.68,2.0,1139.0,757.72998046875,2026-06-04T18:31:23+00:00
2026-08-31,call,735.0,41.23,41.5,37.17,41.364999999999995,6.0,433.0,757.72998046875,2026-06-04T18:31:23+00:00
2026-08-31,call,736.0,38.75,40.64,39.21,39.695,4.0,5.0,757.72998046875,2026-06-04T18:31:23+00:00
2026-08-31,call,738.0,37.37,39.19,39.07,38.28,3.0,3.0,757.72998046875,2026-06-04T18:31:23+00:00
2026-08-31,call,740.0,35.97,37.69,34.22,36.83,1.0,1964.0,757.72998046875,2026-06-04T18:31:23+00:00
2026-08-31,call,744.0,34.46,34.76,33.5,34.61,2.0,2.0,757.72998046875,2026-06-04T18:31:23+00:00
2026-08-31,call,745.0,33.77,33.99,32.97,33.88,20.0,1583.0,757.72998046875,2026-06-04T18:31:23+00:00
2026-08-31,call,746.0,33.05,34.42,31.7,33.735,2.0,2.0,757.72998046875,2026-06-04T18:31:23+00:00
2026-08-31,call,747.0,31.2,32.56,34.43,31.880000000000003,1.0,1.0,757.72998046875,2026-06-04T18:31:23+00:00
2026-08-31,call,748.0,31.62,31.92,28.47,31.770000000000003,1.0,1.0,757.72998046875,2026-06-04T18:31:23+00:00
2026-08-31,call,749.0,29.37,32.51,31.65,30.939999999999998,1.0,1.0,757.72998046875,2026-06-04T18:31:23+00:00
2026-08-31,call,750.0,30.32,30.49,27.85,30.405,18.0,1725.0,757.72998046875,2026-06-04T18:31:23+00:00
2026-08-31,call,751.0,29.58,29.8,28.78,29.689999999999998,13.0,3.0,757.72998046875,2026-06-04T18:31:23+00:00
2026-08-31,call,752.0,27.57,29.21,27.41,28.39,10.0,5.0,757.72998046875,2026-06-04T18:31:23+00:00
2026-08-31,call,753.0,28.24,28.49,27.85,28.365,7.0,5.0,757.72998046875,2026-06-04T18:31:23+00:00
2026-08-31,call,754.0,27.64,27.82,24.93,27.73,1.0,3.0,757.72998046875,2026-06-04T18:31:23+00:00
2026-08-31,call,755.0,25.71,27.15,26.78,26.43,10.0,551.0,757.72998046875,2026-06-04T18:31:23+00:00
2026-08-31,call,756.0,26.29,26.48,26.41,26.384999999999998,165.0,378.0,757.72998046875,2026-06-04T18:31:23+00:00
2026-08-31,call,757.0,25.65,25.84,24.31,25.744999999999997,16.0,235.0,757.72998046875,2026-06-04T18:31:23+00:00
2026-08-31,call,758.0,25.03,25.23,23.53,25.130000000000003,26.0,273.0,757.72998046875,2026-06-04T18:31:23+00:00
2026-08-31,call,759.0,24.48,24.52,21.43,24.5,8.0,31.0,757.72998046875,2026-06-04T18:31:23+00:00
2026-08-31,call,760.0,23.89,23.93,23.61,23.91,233.0,780.0,757.72998046875,2026-06-04T18:31:23+00:00
2026-08-31,call,761.0,23.32,23.36,22.0,23.34,40.0,136.0,757.72998046875,2026-06-04T18:31:23+00:00
2026-08-31,call,762.0,22.67,22.71,20.08,22.69,10.0,77.0,757.72998046875,2026-06-04T18:31:23+00:00
2026-08-31,call,763.0,22.09,22.13,23.98,22.11,2.0,23.0,757.72998046875,2026-06-04T18:31:23+00:00
2026-08-31,call,764.0,21.51,21.55,21.27,21.53,5.0,35.0,757.72998046875,2026-06-04T18:31:23+00:00
2026-08-31,call,765.0,20.97,21.01,20.23,20.990000000000002,448.0,1177.0,757.72998046875,2026-06-04T18:31:23+00:00
2026-08-31,call,766.0,20.37,20.41,19.11,20.39,147.0,16.0,757.72998046875,2026-06-04T18:31:23+00:00
2026-08-31,call,767.0,19.85,19.89,18.27,19.87,6.0,41.0,757.72998046875,2026-06-04T18:31:23+00:00
2026-08-31,call,768.0,19.21,19.25,18.87,19.23,1.0,7.0,757.72998046875,2026-06-04T18:31:23+00:00
2026-08-31,call,769.0,18.74,18.78,19.99,18.759999999999998,3.0,26.0,757.72998046875,2026-06-04T18:31:23+00:00
2026-08-31,call,770.0,18.18,18.22,17.71,18.2,50.0,921.0,757.72998046875,2026-06-04T18:31:23+00:00
2026-08-31,call,771.0,17.67,17.71,15.45,17.69,7.0,109.0,757.72998046875,2026-06-04T18:31:23+00:00
2026-08-31,call,772.0,17.15,17.19,16.2,17.17,26.0,129.0,757.72998046875,2026-06-04T18:31:23+00:00
2026-08-31,call,774.0,16.18,16.21,16.1,16.195,1.0,11.0,757.72998046875,2026-06-04T18:31:23+00:00
2026-08-31,call,775.0,15.68,15.71,15.69,15.695,10.0,707.0,757.72998046875,2026-06-04T18:31:23+00:00
2026-08-31,call,776.0,15.2,15.24,16.76,15.219999999999999,14.0,14.0,757.72998046875,2026-06-04T18:31:23+00:00
2026-08-31,call,777.0,14.75,14.79,13.97,14.77,2.0,14.0,757.72998046875,2026-06-04T18:31:23+00:00
2026-08-31,call,780.0,13.41,13.45,13.1,13.43,3.0,1105.0,757.72998046875,2026-06-04T18:31:23+00:00
2026-08-31,call,781.0,12.98,13.02,12.71,13.0,5.0,5.0,757.72998046875,2026-06-04T18:31:23+00:00
2026-08-31,call,783.0,12.14,12.18,10.42,12.16,20.0,2.0,757.72998046875,2026-06-04T18:31:23+00:00
2026-08-31,call,785.0,11.37,11.41,9.67,11.39,5.0,897.0,757.72998046875,2026-06-04T18:31:23+00:00
2026-08-31,call,786.0,10.98,11.01,10.65,10.995000000000001,2.0,25.0,757.72998046875,2026-06-04T18:31:23+00:00
2026-08-31,call,787.0,10.62,10.65,8.93,10.635,156.0,224.0,757.72998046875,2026-06-04T18:31:23+00:00
2026-08-31,call,788.0,10.25,10.28,9.5,10.265,10.0,54.0,757.72998046875,2026-06-04T18:31:23+00:00
2026-08-31,call,789.0,9.9,9.94,11.16,9.92,2.0,19.0,757.72998046875,2026-06-04T18:31:23+00:00
2026-08-31,call,790.0,9.53,9.57,9.38,9.55,1.0,271.0,757.72998046875,2026-06-04T18:31:23+00:00
2026-08-31,call,791.0,9.2,9.24,8.83,9.219999999999999,156.0,316.0,757.72998046875,2026-06-04T18:31:23+00:00
2026-08-31,call,793.0,8.57,8.6,9.64,8.585,6.0,4.0,757.72998046875,2026-06-04T18:31:23+00:00
2026-08-31,call,794.0,8.27,8.3,8.35,8.285,1.0,11.0,757.72998046875,2026-06-04T18:31:23+00:00
2026-08-31,call,795.0,7.97,8.0,7.75,7.984999999999999,2.0,1237.0,757.72998046875,2026-06-04T18:31:23+00:00
2026-08-31,call,797.0,7.38,7.42,8.23,7.4,197.0,18995.0,757.72998046875,2026-06-04T18:31:23+00:00
2026-08-31,call,798.0,7.12,7.16,8.1,7.140000000000001,77.0,78.0,757.72998046875,2026-06-04T18:31:23+00:00
2026-08-31,call,799.0,6.84,6.88,6.3,6.859999999999999,2.0,15.0,757.72998046875,2026-06-04T18:31:23+00:00
2026-08-31,call,800.0,6.59,6.61,6.4,6.6,149.0,2166.0,757.72998046875,2026-06-04T18:31:23+00:00
2026-08-31,call,805.0,5.42,5.45,4.27,5.4350000000000005,1.0,244.0,757.72998046875,2026-06-04T18:31:23+00:00
2026-08-31,call,810.0,4.42,4.45,4.39,4.4350000000000005,7.0,1107.0,757.72998046875,2026-06-04T18:31:23+00:00
2026-08-31,call,815.0,3.57,3.58,3.35,3.575,1.0,149.0,757.72998046875,2026-06-04T18:31:23+00:00
2026-08-31,call,820.0,2.86,2.89,2.34,2.875,1.0,396.0,757.72998046875,2026-06-04T18:31:23+00:00
2026-08-31,call,825.0,2.28,2.31,2.16,2.295,36.0,1137.0,757.72998046875,2026-06-04T18:31:23+00:00
2026-08-31,call,830.0,1.82,1.84,1.78,1.83,55.0,696.0,757.72998046875,2026-06-04T18:31:23+00:00
2026-08-31,call,835.0,1.44,1.45,1.1,1.4449999999999998,1.0,2411.0,757.72998046875,2026-06-04T18:31:23+00:00
2026-08-31,call,840.0,1.13,1.15,1.08,1.14,125.0,7495.0,757.72998046875,2026-06-04T18:31:23+00:00
2026-08-31,call,845.0,0.91,0.93,0.86,0.92,26.0,180.0,757.72998046875,2026-06-04T18:31:23+00:00
2026-08-31,call,850.0,0.72,0.73,0.56,0.725,200.0,934.0,757.72998046875,2026-06-04T18:31:23+00:00
2026-08-31,call,855.0,0.58,0.59,0.56,0.585,3.0,271.0,757.72998046875,2026-06-04T18:31:23+00:00
2026-08-31,call,860.0,0.47,0.48,0.45,0.475,1.0,337.0,757.72998046875,2026-06-04T18:31:23+00:00
2026-08-31,put,420.0,0.34,0.35,0.35,0.345,1.0,1151.0,757.72998046875,2026-06-04T18:31:23+00:00
2026-08-31,put,425.0,0.36,0.37,0.41,0.365,46.0,190.0,757.72998046875,2026-06-04T18:31:23+00:00
2026-08-31,put,430.0,0.37,0.38,0.44,0.375,3.0,172.0,757.72998046875,2026-06-04T18:31:23+00:00
2026-08-31,put,435.0,0.39,0.4,0.57,0.395,1.0,14.0,757.72998046875,2026-06-04T18:31:23+00:00
2026-08-31,put,440.0,0.41,0.42,0.48,0.415,50.0,278.0,757.72998046875,2026-06-04T18:31:23+00:00
2026-08-31,put,445.0,0.43,0.44,0.47,0.435,1.0,17.0,757.72998046875,2026-06-04T18:31:23+00:00
2026-08-31,put,450.0,0.45,0.46,0.53,0.455,2.0,1216.0,757.72998046875,2026-06-04T18:31:23+00:00
2026-08-31,put,455.0,0.47,0.48,0.56,0.475,5.0,31.0,757.72998046875,2026-06-04T18:31:23+00:00
2026-08-31,put,460.0,0.49,0.5,0.6,0.495,2.0,47.0,757.72998046875,2026-06-04T18:31:23+00:00
2026-08-31,put,465.0,0.51,0.53,0.55,0.52,2.0,657.0,757.72998046875,2026-06-04T18:31:23+00:00
2026-08-31,put,470.0,0.54,0.55,0.58,0.545,2.0,57.0,757.72998046875,2026-06-04T18:31:23+00:00
2026-08-31,put,475.0,0.57,0.58,0.6,0.575,4.0,165.0,757.72998046875,2026-06-04T18:31:23+00:00
2026-08-31,put,480.0,0.59,0.6,0.73,0.595,1.0,224.0,757.72998046875,2026-06-04T18:31:23+00:00
2026-08-31,put,485.0,0.62,0.63,0.66,0.625,7.0,134.0,757.72998046875,2026-06-04T18:31:23+00:00
2026-08-31,put,490.0,0.65,0.66,0.71,0.655,10.0,97.0,757.72998046875,2026-06-04T18:31:23+00:00
2026-08-31,put,495.0,0.68,0.69,0.8,0.685,2.0,30.0,757.72998046875,2026-06-04T18:31:23+00:00
2026-08-31,put,500.0,0.71,0.72,0.78,0.715,11.0,2583.0,757.72998046875,2026-06-04T18:31:23+00:00
2026-08-31,put,505.0,0.75,0.76,0.76,0.755,25.0,445.0,757.72998046875,2026-06-04T18:31:23+00:00
2026-08-31,put,510.0,0.78,0.8,0.88,0.79,5.0,113.0,757.72998046875,2026-06-04T18:31:23+00:00
2026-08-31,put,515.0,0.82,0.83,1.12,0.825,2.0,25.0,757.72998046875,2026-06-04T18:31:23+00:00
2026-08-31,put,520.0,0.86,0.87,0.87,0.865,41.0,176.0,757.72998046875,2026-06-04T18:31:23+00:00
2026-08-31,put,525.0,0.9,0.92,0.92,0.91,15.0,237.0,757.72998046875,2026-06-04T18:31:23+00:00
2026-08-31,put,530.0,0.95,0.96,1.1,0.955,10.0,239.0,757.72998046875,2026-06-04T18:31:23+00:00
2026-08-31,put,535.0,0.99,1.01,1.07,1.0,16.0,108.0,757.72998046875,2026-06-04T18:31:23+00:00
2026-08-31,put,540.0,1.04,1.05,1.19,1.045,15.0,71.0,757.72998046875,2026-06-04T18:31:23+00:00
2026-08-31,put,545.0,1.09,1.1,1.17,1.0950000000000002,50.0,2257.0,757.72998046875,2026-06-04T18:31:23+00:00
2026-08-31,put,550.0,1.15,1.16,1.18,1.1549999999999998,2.0,1318.0,757.72998046875,2026-06-04T18:31:23+00:00
2026-08-31,put,555.0,1.2,1.22,1.28,1.21,1.0,619.0,757.72998046875,2026-06-04T18:31:23+00:00
2026-08-31,put,560.0,1.27,1.28,1.41,1.275,1.0,1849.0,757.72998046875,2026-06-04T18:31:23+00:00
2026-08-31,put,565.0,1.34,1.35,1.45,1.3450000000000002,6.0,1076.0,757.72998046875,2026-06-04T18:31:23+00:00
2026-08-31,put,570.0,1.4,1.42,1.54,1.41,2.0,547.0,757.72998046875,2026-06-04T18:31:23+00:00
2026-08-31,put,575.0,1.47,1.49,1.5,1.48,1.0,770.0,757.72998046875,2026-06-04T18:31:23+00:00
2026-08-31,put,580.0,1.55,1.58,1.8,1.565,5.0,383.0,757.72998046875,2026-06-04T18:31:23+00:00
2026-08-31,put,585.0,1.64,1.66,1.84,1.65,1.0,420.0,757.72998046875,2026-06-04T18:31:23+00:00
2026-08-31,put,590.0,1.73,1.75,1.79,1.74,3.0,2376.0,757.72998046875,2026-06-04T18:31:23+00:00
2026-08-31,put,595.0,1.83,1.85,2.12,1.84,1.0,3442.0,757.72998046875,2026-06-04T18:31:23+00:00
2026-08-31,put,600.0,1.93,1.95,2.23,1.94,19.0,2300.0,757.72998046875,2026-06-04T18:31:23+00:00
2026-08-31,put,605.0,2.05,2.06,2.1,2.0549999999999997,1.0,19698.0,757.72998046875,2026-06-04T18:31:23+00:00
2026-08-31,put,610.0,2.17,2.19,2.28,2.1799999999999997,3.0,1183.0,757.72998046875,2026-06-04T18:31:23+00:00
2026-08-31,put,615.0,2.3,2.31,2.32,2.3049999999999997,4.0,1139.0,757.72998046875,2026-06-04T18:31:23+00:00
2026-08-31,put,618.0,2.38,2.4,2.55,2.3899999999999997,1.0,210.0,757.72998046875,2026-06-04T18:31:23+00:00
2026-08-31,put,619.0,2.41,2.42,3.19,2.415,304.0,572.0,757.72998046875,2026-06-04T18:31:23+00:00
2026-08-31,put,620.0,2.43,2.45,2.45,2.4400000000000004,1.0,1042.0,757.72998046875,2026-06-04T18:31:23+00:00
2026-08-31,put,621.0,2.46,2.48,2.51,2.4699999999999998,41.0,54.0,757.72998046875,2026-06-04T18:31:23+00:00
2026-08-31,put,622.0,2.5,2.52,2.79,2.51,1.0,232.0,757.72998046875,2026-06-04T18:31:23+00:00
2026-08-31,put,623.0,2.53,2.54,4.99,2.535,1.0,107.0,757.72998046875,2026-06-04T18:31:23+00:00
2026-08-31,put,624.0,2.54,2.57,2.8,2.5549999999999997,1.0,33.0,757.72998046875,2026-06-04T18:31:23+00:00
2026-08-31,put,625.0,2.59,2.61,2.8,2.5999999999999996,22.0,558.0,757.72998046875,2026-06-04T18:31:23+00:00
2026-08-31,put,626.0,2.63,2.64,2.71,2.635,3.0,41.0,757.72998046875,2026-06-04T18:31:23+00:00
2026-08-31,put,627.0,2.66,2.68,2.96,2.67,1.0,97.0,757.72998046875,2026-06-04T18:31:23+00:00
2026-08-31,put,628.0,2.68,2.71,2.91,2.6950000000000003,242.0,283.0,757.72998046875,2026-06-04T18:31:23+00:00
2026-08-31,put,629.0,2.73,2.74,3.16,2.7350000000000003,2.0,63.0,757.72998046875,2026-06-04T18:31:23+00:00
2026-08-31,put,630.0,2.75,2.77,2.78,2.76,101.0,858.0,757.72998046875,2026-06-04T18:31:23+00:00
2026-08-31,put,631.0,2.79,2.8,3.02,2.795,1.0,1062.0,757.72998046875,2026-06-04T18:31:23+00:00
2026-08-31,put,632.0,2.82,2.85,6.29,2.835,4.0,7.0,757.72998046875,2026-06-04T18:31:23+00:00
2026-08-31,put,633.0,2.86,2.88,6.33,2.87,5.0,8.0,757.72998046875,2026-06-04T18:31:23+00:00
2026-08-31,put,634.0,2.89,2.91,5.47,2.9000000000000004,2.0,211.0,757.72998046875,2026-06-04T18:31:23+00:00
2026-08-31,put,635.0,2.92,2.95,3.37,2.935,1.0,206.0,757.72998046875,2026-06-04T18:31:23+00:00
2026-08-31,put,636.0,2.96,2.99,4.3,2.975,1.0,214.0,757.72998046875,2026-06-04T18:31:23+00:00
2026-08-31,put,637.0,3.01,3.03,3.12,3.0199999999999996,1.0,214.0,757.72998046875,2026-06-04T18:31:23+00:00
2026-08-31,put,638.0,3.04,3.06,3.54,3.05,2.0,16.0,757.72998046875,2026-06-04T18:31:23+00:00
2026-08-31,put,639.0,3.08,3.1,3.39,3.09,4.0,10.0,757.72998046875,2026-06-04T18:31:23+00:00
2026-08-31,put,640.0,3.12,3.14,3.63,3.13,309.0,2004.0,757.72998046875,2026-06-04T18:31:23+00:00
2026-08-31,put,641.0,3.17,3.19,3.69,3.1799999999999997,300.0,1363.0,757.72998046875,2026-06-04T18:31:23+00:00
2026-08-31,put,642.0,3.21,3.23,3.73,3.2199999999999998,300.0,1069.0,757.72998046875,2026-06-04T18:31:23+00:00
2026-08-31,put,643.0,3.24,3.27,3.76,3.255,300.0,1058.0,757.72998046875,2026-06-04T18:31:23+00:00
2026-08-31,put,644.0,3.29,3.31,3.8,3.3,50.0,804.0,757.72998046875,2026-06-04T18:31:23+00:00
2026-08-31,put,645.0,3.34,3.36,3.43,3.3499999999999996,2.0,630.0,757.72998046875,2026-06-04T18:31:23+00:00
2026-08-31,put,646.0,3.38,3.41,3.9,3.395,50.0,402.0,757.72998046875,2026-06-04T18:31:23+00:00
2026-08-31,put,647.0,3.41,3.46,4.35,3.435,4.0,162.0,757.72998046875,2026-06-04T18:31:23+00:00
2026-08-31,put,648.0,3.47,3.49,3.55,3.4800000000000004,3.0,449.0,757.72998046875,2026-06-04T18:31:23+00:00
2026-08-31,put,649.0,3.51,3.54,3.97,3.525,134.0,361.0,757.72998046875,2026-06-04T18:31:23+00:00
2026-08-31,put,650.0,3.56,3.59,3.79,3.575,33.0,2231.0,757.72998046875,2026-06-04T18:31:23+00:00
2026-08-31,put,651.0,3.61,3.64,4.18,3.625,50.0,224.0,757.72998046875,2026-06-04T18:31:23+00:00
2026-08-31,put,652.0,3.67,3.69,4.25,3.6799999999999997,50.0,211.0,757.72998046875,2026-06-04T18:31:23+00:00
2026-08-31,put,653.0,3.7,3.74,4.27,3.72,47.0,259.0,757.72998046875,2026-06-04T18:31:23+00:00
2026-08-31,put,654.0,3.76,3.79,4.36,3.775,37.0,176.0,757.72998046875,2026-06-04T18:31:23+00:00
2026-08-31,put,655.0,3.81,3.84,3.92,3.825,52.0,381.0,757.72998046875,2026-06-04T18:31:23+00:00
2026-08-31,put,656.0,3.87,3.89,4.04,3.88,2.0,494.0,757.72998046875,2026-06-04T18:31:23+00:00
2026-08-31,put,657.0,3.92,3.94,4.29,3.9299999999999997,1.0,504.0,757.72998046875,2026-06-04T18:31:23+00:00
2026-08-31,put,658.0,3.97,4.0,4.05,3.9850000000000003,3.0,386.0,757.72998046875,2026-06-04T18:31:23+00:00
2026-08-31,put,659.0,4.03,4.05,4.23,4.04,8.0,331.0,757.72998046875,2026-06-04T18:31:23+00:00
2026-08-31,put,660.0,4.08,4.11,4.26,4.095000000000001,33.0,465.0,757.72998046875,2026-06-04T18:31:23+00:00
2026-08-31,put,661.0,4.12,4.15,4.34,4.135,3.0,67.0,757.72998046875,2026-06-04T18:31:23+00:00
2026-08-31,put,662.0,4.2,4.22,4.4,4.21,12.0,310.0,757.72998046875,2026-06-04T18:31:23+00:00
2026-08-31,put,663.0,4.26,4.28,5.01,4.27,1.0,51.0,757.72998046875,2026-06-04T18:31:23+00:00
2026-08-31,put,664.0,4.32,4.34,4.5,4.33,2.0,36.0,757.72998046875,2026-06-04T18:31:23+00:00
2026-08-31,put,665.0,4.37,4.4,5.05,4.385,28.0,525.0,757.72998046875,2026-06-04T18:31:23+00:00
2026-08-31,put,666.0,4.43,4.46,4.91,4.445,52.0,380.0,757.72998046875,2026-06-04T18:31:23+00:00
2026-08-31,put,667.0,4.51,4.53,5.18,4.52,1.0,132.0,757.72998046875,2026-06-04T18:31:23+00:00
2026-08-31,put,668.0,4.57,4.59,5.18,4.58,1.0,37.0,757.72998046875,2026-06-04T18:31:23+00:00
2026-08-31,put,669.0,4.63,4.66,5.28,4.645,1.0,25.0,757.72998046875,2026-06-04T18:31:23+00:00
2026-08-31,put,670.0,4.69,4.72,5.41,4.705,29.0,447.0,757.72998046875,2026-06-04T18:31:23+00:00
2026-08-31,put,671.0,4.76,4.79,5.09,4.775,2.0,59.0,757.72998046875,2026-06-04T18:31:23+00:00
2026-08-31,put,672.0,4.83,4.86,5.56,4.845000000000001,1.0,133.0,757.72998046875,2026-06-04T18:31:23+00:00
2026-08-31,put,673.0,4.89,4.92,5.04,4.904999999999999,2.0,88.0,757.72998046875,2026-06-04T18:31:23+00:00
2026-08-31,put,674.0,4.97,4.99,5.52,4.98,104.0,186.0,757.72998046875,2026-06-04T18:31:23+00:00
2026-08-31,put,675.0,5.03,5.07,5.24,5.050000000000001,4.0,1626.0,757.72998046875,2026-06-04T18:31:23+00:00
2026-08-31,put,676.0,5.11,5.14,5.17,5.125,44.0,555.0,757.72998046875,2026-06-04T18:31:23+00:00
2026-08-31,put,677.0,5.19,5.22,5.76,5.205,2.0,101.0,757.72998046875,2026-06-04T18:31:23+00:00
2026-08-31,put,678.0,5.26,5.3,5.84,5.279999999999999,2.0,123.0,757.72998046875,2026-06-04T18:31:23+00:00
2026-08-31,put,679.0,5.35,5.38,5.65,5.365,1.0,306.0,757.72998046875,2026-06-04T18:31:23+00:00
2026-08-31,put,680.0,5.43,5.46,5.86,5.445,7.0,1415.0,757.72998046875,2026-06-04T18:31:23+00:00
2026-08-31,put,681.0,5.5,5.53,6.19,5.515000000000001,10.0,165.0,757.72998046875,2026-06-04T18:31:23+00:00
2026-08-31,put,682.0,5.59,5.62,6.46,5.605,1.0,47.0,757.72998046875,2026-06-04T18:31:23+00:00
2026-08-31,put,683.0,5.67,5.7,6.03,5.6850000000000005,6.0,211.0,757.72998046875,2026-06-04T18:31:23+00:00
2026-08-31,put,684.0,5.75,5.79,6.51,5.77,1.0,209.0,757.72998046875,2026-06-04T18:31:23+00:00
2026-08-31,put,685.0,5.84,5.87,6.09,5.855,9.0,1977.0,757.72998046875,2026-06-04T18:31:23+00:00
2026-08-31,put,686.0,5.92,5.95,6.58,5.9350000000000005,1.0,35.0,757.72998046875,2026-06-04T18:31:23+00:00
2026-08-31,put,687.0,6.02,6.05,6.6,6.035,1.0,58.0,757.72998046875,2026-06-04T18:31:23+00:00
2026-08-31,put,688.0,6.1,6.13,6.9,6.115,2.0,183.0,757.72998046875,2026-06-04T18:31:23+00:00
2026-08-31,put,689.0,6.2,6.23,6.97,6.215,3.0,98.0,757.72998046875,2026-06-04T18:31:23+00:00
2026-08-31,put,690.0,6.29,6.32,7.02,6.305,62.0,970.0,757.72998046875,2026-06-04T18:31:23+00:00
2026-08-31,put,691.0,6.39,6.42,6.6,6.404999999999999,3.0,158.0,757.72998046875,2026-06-04T18:31:23+00:00
2026-08-31,put,692.0,6.48,6.52,6.74,6.5,1.0,275.0,757.72998046875,2026-06-04T18:31:23+00:00
2026-08-31,put,693.0,6.57,6.6,6.79,6.585,3.0,360.0,757.72998046875,2026-06-04T18:31:23+00:00
2026-08-31,put,694.0,6.69,6.72,6.89,6.705,1.0,198.0,757.72998046875,2026-06-04T18:31:23+00:00
2026-08-31,put,695.0,6.79,6.82,7.21,6.805,52.0,622.0,757.72998046875,2026-06-04T18:31:23+00:00
2026-08-31,put,696.0,6.89,6.93,7.09,6.91,3.0,183.0,757.72998046875,2026-06-04T18:31:23+00:00
2026-08-31,put,697.0,7.01,7.04,7.25,7.025,1.0,80.0,757.72998046875,2026-06-04T18:31:23+00:00
2026-08-31,put,698.0,7.08,7.13,7.5,7.105,1.0,131.0,757.72998046875,2026-06-04T18:31:23+00:00
2026-08-31,put,699.0,7.23,7.26,7.47,7.245,42.0,455.0,757.72998046875,2026-06-04T18:31:23+00:00
2026-08-31,put,700.0,7.33,7.37,7.34,7.35,22.0,1582.0,757.72998046875,2026-06-04T18:31:23+00:00
2026-08-31,put,701.0,7.44,7.47,8.52,7.455,5.0,267.0,757.72998046875,2026-06-04T18:31:23+00:00
2026-08-31,put,702.0,7.55,7.58,8.43,7.5649999999999995,2.0,785.0,757.72998046875,2026-06-04T18:31:23+00:00
2026-08-31,put,703.0,7.69,7.72,7.87,7.705,3.0,67.0,757.72998046875,2026-06-04T18:31:23+00:00
2026-08-31,put,704.0,7.81,7.84,7.9,7.824999999999999,1.0,288.0,757.72998046875,2026-06-04T18:31:23+00:00
2026-08-31,put,705.0,7.93,7.96,8.35,7.945,10.0,398.0,757.72998046875,2026-06-04T18:31:23+00:00
2026-08-31,put,706.0,8.05,8.08,8.32,8.065000000000001,5.0,347.0,757.72998046875,2026-06-04T18:31:23+00:00
2026-08-31,put,707.0,8.16,8.2,8.66,8.18,2.0,169.0,757.72998046875,2026-06-04T18:31:23+00:00
2026-08-31,put,708.0,8.31,8.35,8.41,8.33,39.0,692.0,757.72998046875,2026-06-04T18:31:23+00:00
2026-08-31,put,709.0,8.45,8.49,9.76,8.469999999999999,25.0,295.0,757.72998046875,2026-06-04T18:31:23+00:00
2026-08-31,put,710.0,8.6,8.63,8.67,8.615,316.0,1766.0,757.72998046875,2026-06-04T18:31:23+00:00
2026-08-31,put,711.0,8.72,8.76,9.53,8.74,1.0,367.0,757.72998046875,2026-06-04T18:31:23+00:00
2026-08-31,put,712.0,8.87,8.91,9.46,8.89,25.0,819.0,757.72998046875,2026-06-04T18:31:23+00:00
2026-08-31,put,713.0,9.01,9.04,9.82,9.024999999999999,2.0,605.0,757.72998046875,2026-06-04T18:31:23+00:00
2026-08-31,put,714.0,9.16,9.2,9.99,9.18,1.0,115.0,757.72998046875,2026-06-04T18:31:23+00:00
2026-08-31,put,715.0,9.31,9.34,9.64,9.325,8.0,389.0,757.72998046875,2026-06-04T18:31:23+00:00
2026-08-31,put,716.0,9.47,9.5,9.85,9.485,1.0,237.0,757.72998046875,2026-06-04T18:31:23+00:00
2026-08-31,put,717.0,9.62,9.66,9.83,9.64,50.0,19087.0,757.72998046875,2026-06-04T18:31:23+00:00
2026-08-31,put,718.0,9.78,9.81,10.2,9.795,2.0,375.0,757.72998046875,2026-06-04T18:31:23+00:00
2026-08-31,put,719.0,9.93,9.96,11.2,9.945,9.0,432.0,757.72998046875,2026-06-04T18:31:23+00:00
2026-08-31,put,720.0,10.11,10.15,10.24,10.129999999999999,16.0,1299.0,757.72998046875,2026-06-04T18:31:23+00:00
2026-08-31,put,721.0,10.25,10.29,10.53,10.27,3.0,4243.0,757.72998046875,2026-06-04T18:31:23+00:00
2026-08-31,put,722.0,10.45,10.5,10.62,10.475,1.0,133.0,757.72998046875,2026-06-04T18:31:23+00:00
2026-08-31,put,723.0,10.62,10.66,11.39,10.64,1.0,116.0,757.72998046875,2026-06-04T18:31:23+00:00
2026-08-31,put,724.0,10.81,10.85,10.9,10.83,8.0,133.0,757.72998046875,2026-06-04T18:31:23+00:00
2026-08-31,put,725.0,10.99,11.03,11.15,11.01,24.0,1147.0,757.72998046875,2026-06-04T18:31:23+00:00
2026-08-31,put,726.0,11.14,11.19,12.74,11.165,2.0,107.0,757.72998046875,2026-06-04T18:31:23+00:00
2026-08-31,put,728.0,11.58,11.62,11.49,11.6,2.0,11.0,757.72998046875,2026-06-04T18:31:23+00:00
2026-08-31,put,729.0,11.77,11.82,12.0,11.795,8.0,26.0,757.72998046875,2026-06-04T18:31:23+00:00
2026-08-31,put,730.0,11.98,12.03,12.1,12.004999999999999,236.0,1780.0,757.72998046875,2026-06-04T18:31:23+00:00
2026-08-31,put,731.0,12.19,12.23,12.64,12.21,120.0,138.0,757.72998046875,2026-06-04T18:31:23+00:00
2026-08-31,put,732.0,12.41,12.45,12.45,12.43,5.0,33.0,757.72998046875,2026-06-04T18:31:23+00:00
2026-08-31,put,734.0,12.85,12.9,12.92,12.875,4.0,14.0,757.72998046875,2026-06-04T18:31:23+00:00
2026-08-31,put,735.0,13.08,13.12,13.38,13.1,43.0,4124.0,757.72998046875,2026-06-04T18:31:23+00:00
2026-08-31,put,736.0,13.31,13.36,14.48,13.335,4.0,21.0,757.72998046875,2026-06-04T18:31:23+00:00
2026-08-31,put,737.0,13.55,13.6,14.79,13.575,6.0,5.0,757.72998046875,2026-06-04T18:31:23+00:00
2026-08-31,put,738.0,13.77,13.82,14.46,13.795,24.0,50.0,757.72998046875,2026-06-04T18:31:23+00:00
2026-08-31,put,739.0,14.04,14.09,15.02,14.065,3.0,6.0,757.72998046875,2026-06-04T18:31:23+00:00
2026-08-31,put,740.0,14.3,14.34,14.42,14.32,31.0,3695.0,757.72998046875,2026-06-04T18:31:23+00:00
2026-08-31,put,742.0,14.77,14.82,14.95,14.795,1.0,55.0,757.72998046875,2026-06-04T18:31:23+00:00
2026-08-31,put,743.0,15.03,15.1,14.99,15.065,12.0,38.0,757.72998046875,2026-06-04T18:31:23+00:00
2026-08-31,put,744.0,15.37,15.42,16.6,15.395,1.0,4.0,757.72998046875,2026-06-04T18:31:23+00:00
2026-08-31,put,745.0,15.65,15.7,16.08,15.675,22.0,1024.0,757.72998046875,2026-06-04T18:31:23+00:00
2026-08-31,put,746.0,15.91,15.96,16.85,15.935,1.0,43.0,757.72998046875,2026-06-04T18:31:23+00:00
2026-08-31,put,747.0,16.24,16.3,17.57,16.27,1.0,2703.0,757.72998046875,2026-06-04T18:31:23+00:00
2026-08-31,put,748.0,16.55,16.6,17.04,16.575000000000003,1.0,21.0,757.72998046875,2026-06-04T18:31:23+00:00
2026-08-31,put,749.0,16.8,16.86,18.58,16.83,132.0,171.0,757.72998046875,2026-06-04T18:31:23+00:00
2026-08-31,put,750.0,17.17,17.23,17.57,17.200000000000003,89.0,5775.0,757.72998046875,2026-06-04T18:31:23+00:00
2026-08-31,put,751.0,17.51,17.57,18.31,17.54,5.0,55.0,757.72998046875,2026-06-04T18:31:23+00:00
2026-08-31,put,752.0,17.83,17.89,19.09,17.86,2.0,8.0,757.72998046875,2026-06-04T18:31:23+00:00
2026-08-31,put,753.0,18.17,18.23,19.64,18.200000000000003,2.0,21.0,757.72998046875,2026-06-04T18:31:23+00:00
2026-08-31,put,754.0,18.46,18.52,19.1,18.490000000000002,32.0,27.0,757.72998046875,2026-06-04T18:31:23+00:00
2026-08-31,put,755.0,18.83,18.89,19.48,18.86,176.0,3166.0,757.72998046875,2026-06-04T18:31:23+00:00
2026-08-31,put,756.0,19.23,19.29,20.16,19.259999999999998,45.0,122.0,757.72998046875,2026-06-04T18:31:23+00:00
2026-08-31,put,757.0,19.61,19.67,20.01,19.64,31.0,75.0,757.72998046875,2026-06-04T18:31:23+00:00
2026-08-31,put,758.0,19.99,20.05,20.07,20.02,4.0,10.0,757.72998046875,2026-06-04T18:31:23+00:00
2026-08-31,put,759.0,20.37,20.43,20.45,20.4,6.0,201.0,757.72998046875,2026-06-04T18:31:23+00:00
2026-08-31,put,760.0,20.78,20.84,21.15,20.810000000000002,42.0,1146.0,757.72998046875,2026-06-04T18:31:23+00:00
2026-08-31,put,761.0,21.19,21.25,23.5,21.22,2.0,10.0,757.72998046875,2026-06-04T18:31:23+00:00
2026-08-31,put,762.0,21.58,21.65,22.35,21.615,16.0,194.0,757.72998046875,2026-06-04T18:31:23+00:00
2026-08-31,put,763.0,22.02,22.08,22.42,22.049999999999997,8.0,29.0,757.72998046875,2026-06-04T18:31:23+00:00
2026-08-31,put,764.0,22.45,22.51,23.74,22.48,14.0,17.0,757.72998046875,2026-06-04T18:31:23+00:00
2026-08-31,put,765.0,22.88,22.95,23.16,22.915,1.0,278.0,757.72998046875,2026-06-04T18:31:23+00:00
2026-08-31,put,766.0,23.33,23.4,24.47,23.365,3.0,3.0,757.72998046875,2026-06-04T18:31:23+00:00
2026-08-31,put,767.0,23.79,23.86,24.95,23.825,3.0,3.0,757.72998046875,2026-06-04T18:31:23+00:00
2026-08-31,put,769.0,24.74,24.81,30.85,24.775,,8.0,757.72998046875,2026-06-04T18:31:23+00:00
2026-08-31,put,770.0,25.24,25.31,27.65,25.275,1.0,106.0,757.72998046875,2026-06-04T18:31:23+00:00
2026-08-31,put,771.0,25.75,25.82,26.75,25.785,8.0,8.0,757.72998046875,2026-06-04T18:31:23+00:00
2026-08-31,put,775.0,27.83,29.34,30.06,28.585,10.0,80.0,757.72998046875,2026-06-04T18:31:23+00:00
2026-08-31,put,780.0,30.7,30.91,31.43,30.805,46.0,49.0,757.72998046875,2026-06-04T18:31:23+00:00
2026-08-31,put,785.0,33.87,35.73,34.51,34.8,1.0,3.0,757.72998046875,2026-06-04T18:31:23+00:00
2026-08-31,put,790.0,37.32,39.17,37.95,38.245000000000005,1.0,7.0,757.72998046875,2026-06-04T18:31:23+00:00
2026-08-31,put,795.0,40.99,42.64,44.7,41.815,1.0,1.0,757.72998046875,2026-06-04T18:31:23+00:00
2026-08-31,put,797.0,42.5,44.26,45.36,43.379999999999995,1.0,1.0,757.72998046875,2026-06-04T18:31:23+00:00
2026-08-31,put,800.0,44.93,46.77,45.66,45.85,8.0,21.0,757.72998046875,2026-06-04T18:31:23+00:00
2026-08-31,put,815.0,57.37,60.02,80.01,58.695,1.0,0.0,757.72998046875,2026-06-04T18:31:23+00:00
2026-08-31,put,825.0,66.94,69.54,114.99,68.24000000000001,,0.0,757.72998046875,2026-06-04T18:31:23+00:00
2026-08-31,put,850.0,91.24,94.25,110.51,92.745,,0.0,757.72998046875,2026-06-04T18:31:23+00:00
